Crop,FeatureSet,Feature,Importance,Rank,IsNetwork,IsTemporal,IsDiversity
RICE,no_network,RICE_lag1,0.6315783827677705,1,False,True,False
RICE,no_network,RICE_yoy_change,0.19233653557063146,2,False,True,False
RICE,no_network,RICE_lag2,0.08170636626770938,3,False,True,False
RICE,no_network,RICE_roll3,0.06987301694211599,4,False,True,False
RICE,no_network,RICE_lag3,0.010845160858633284,5,False,True,False
RICE,no_network,WHEAT PRODUCTION (1000 tons),0.004160605924578218,6,False,False,False
RICE,no_network,RICE PRODUCTION (1000 tons),0.002520228552931021,7,False,False,False
RICE,no_network,RICE_roll3_std,0.0008888060699735169,8,False,True,False
RICE,no_network,SUGARCANE YIELD (Kg per ha),0.0006836311716734463,9,False,False,False
RICE,no_network,WHEAT AREA (1000 ha),0.0006479143712029369,10,False,False,False
RICE,no_network,RICE AREA (1000 ha),0.00044955516351892575,11,False,False,False
RICE,no_network,SAFFLOWER PRODUCTION (1000 tons),0.0003921726064538915,12,False,False,False
RICE,no_network,WHEAT YIELD (Kg per ha),0.0003749047568009101,13,False,False,False
RICE,no_network,RAPESEED AND MUSTARD AREA (1000 ha),0.0003330165070366991,14,False,False,False
RICE,no_network,MINOR PULSES PRODUCTION (1000 tons),0.00030242430458326337,15,False,False,False
RICE,no_network,GROUNDNUT YIELD (Kg per ha),0.0002618593417676931,16,False,False,False
RICE,no_network,LINSEED PRODUCTION (1000 tons),0.00022788044627493914,17,False,False,False
RICE,no_network,DIST_BETWEENNESS,0.00019088659134232908,18,False,False,False
RICE,no_network,PIGEONPEA AREA (1000 ha),0.00018467915712989166,19,False,False,False
RICE,no_network,CHICKPEA AREA (1000 ha),0.00018275671561767762,20,False,False,False
RICE,no_network,COTTON AREA (1000 ha),0.00017556206120225584,21,False,False,False
RICE,no_network,MINOR PULSES AREA (1000 ha),0.00014964718300402194,22,False,False,False
RICE,no_network,SUNFLOWER AREA (1000 ha),0.00014348805975649686,23,False,False,False
RICE,no_network,State Code,0.00012927194485058623,24,False,False,False
RICE,no_network,diversity_simpson,0.00012151677242133977,25,False,False,True
RICE,no_network,OILSEEDS YIELD (Kg per ha),9.15974793661314e-05,26,False,False,False
RICE,no_network,POTATOES AREA (1000 ha),8.476047846588584e-05,27,False,False,False
RICE,no_network,SESAMUM PRODUCTION (1000 tons),7.242847145926928e-05,28,False,False,False
RICE,no_network,PEARL MILLET PRODUCTION (1000 tons),7.225054681638832e-05,29,False,False,False
RICE,no_network,MINOR PULSES YIELD (Kg per ha),5.6344406311013244e-05,30,False,False,False
RICE,no_network,SUNFLOWER YIELD (Kg per ha),5.523272663961049e-05,31,False,False,False
RICE,no_network,VEGETABLES AREA (1000 ha),5.0159541406616295e-05,32,False,False,False
RICE,no_network,SUGARCANE AREA (1000 ha),4.661804204650298e-05,33,False,False,False
RICE,no_network,FODDER AREA (1000 ha),4.358097095804608e-05,34,False,False,False
RICE,no_network,OILSEEDS AREA (1000 ha),3.30041583438429e-05,35,False,False,False
RICE,no_network,SAFFLOWER AREA (1000 ha),3.271315833422073e-05,36,False,False,False
RICE,no_network,MAIZE YIELD (Kg per ha),3.199820635460675e-05,37,False,False,False
RICE,no_network,BARLEY YIELD (Kg per ha),2.9069436236194716e-05,38,False,False,False
RICE,no_network,SAFFLOWER YIELD (Kg per ha),2.869278318957158e-05,39,False,False,False
RICE,no_network,RABI SORGHUM PRODUCTION (1000 tons),2.844543993118056e-05,40,False,False,False
RICE,no_network,FINGER MILLET AREA (1000 ha),2.7224258482991784e-05,41,False,False,False
RICE,no_network,SORGHUM AREA (1000 ha),2.560298685464713e-05,42,False,False,False
RICE,no_network,RAPESEED AND MUSTARD PRODUCTION (1000 tons),2.3977321249542095e-05,43,False,False,False
RICE,no_network,COTTON PRODUCTION (1000 tons),2.354163655371903e-05,44,False,False,False
RICE,no_network,SUGARCANE PRODUCTION (1000 tons),2.0519182739035558e-05,45,False,False,False
RICE,no_network,DIST_STRENGTH,1.770098036324111e-05,46,False,False,False
RICE,no_network,FRUITS AREA (1000 ha),1.6380243360434132e-05,47,False,False,False
RICE,no_network,PEARL MILLET AREA (1000 ha),1.553605698964936e-05,48,False,False,False
RICE,no_network,KHARIF SORGHUM PRODUCTION (1000 tons),1.5521811735730227e-05,49,False,False,False
RICE,no_network,FINGER MILLET PRODUCTION (1000 tons),1.5394319300391708e-05,50,False,False,False
RICE,no_network,SORGHUM PRODUCTION (1000 tons),1.5126931013058868e-05,51,False,False,False
RICE,no_network,num_active_crops,1.4993777857514605e-05,52,False,False,True
RICE,no_network,SESAMUM AREA (1000 ha),1.3920051944801827e-05,53,False,False,False
RICE,no_network,OILSEEDS PRODUCTION (1000 tons),1.3672371034796256e-05,54,False,False,False
RICE,no_network,FRUITS AND VEGETABLES AREA (1000 ha),1.2040839169588007e-05,55,False,False,False
RICE,no_network,FINGER MILLET YIELD (Kg per ha),9.95574870222659e-06,56,False,False,False
RICE,no_network,CHICKPEA YIELD (Kg per ha),9.549470801423566e-06,57,False,False,False
RICE,no_network,GROUNDNUT PRODUCTION (1000 tons),9.08647452911893e-06,58,False,False,False
RICE,no_network,SORGHUM YIELD (Kg per ha),7.752314311961113e-06,59,False,False,False
RICE,no_network,SUNFLOWER PRODUCTION (1000 tons),7.697228955755718e-06,60,False,False,False
RICE,no_network,SOYABEAN AREA (1000 ha),7.440170993139478e-06,61,False,False,False
RICE,no_network,MAIZE AREA (1000 ha),7.010929073208974e-06,62,False,False,False
RICE,no_network,PEARL MILLET YIELD (Kg per ha),6.740386693567369e-06,63,False,False,False
RICE,no_network,CHICKPEA PRODUCTION (1000 tons),6.020178678987231e-06,64,False,False,False
RICE,no_network,GROUNDNUT AREA (1000 ha),5.744907981106875e-06,65,False,False,False
RICE,no_network,BARLEY AREA (1000 ha),5.00240711983031e-06,66,False,False,False
RICE,no_network,COTTON YIELD (Kg per ha),4.894957161899131e-06,67,False,False,False
RICE,no_network,MAIZE PRODUCTION (1000 tons),4.702382694789519e-06,68,False,False,False
RICE,no_network,PIGEONPEA YIELD (Kg per ha),3.5350186513189223e-06,69,False,False,False
RICE,no_network,RABI SORGHUM AREA (1000 ha),3.2822624946592335e-06,70,False,False,False
RICE,no_network,CASTOR YIELD (Kg per ha),2.910195337935732e-06,71,False,False,False
RICE,no_network,KHARIF SORGHUM AREA (1000 ha),1.9286264803008546e-06,72,False,False,False
RICE,no_network,RAPESEED AND MUSTARD YIELD (Kg per ha),1.8306921616376184e-06,73,False,False,False
RICE,no_network,HERFINDAHL,1.6082131553617634e-06,74,False,False,False
RICE,no_network,SESAMUM YIELD (Kg per ha),1.557897906387316e-06,75,False,False,False
RICE,no_network,BARLEY PRODUCTION (1000 tons),9.422817645198977e-07,76,False,False,False
RICE,no_network,PIGEONPEA PRODUCTION (1000 tons),8.223990289966083e-07,77,False,False,False
RICE,no_network,LINSEED AREA (1000 ha),7.716226614835868e-07,78,False,False,False
RICE,no_network,KHARIF SORGHUM YIELD (Kg per ha),4.6117139569029805e-07,79,False,False,False
RICE,no_network,DIST_DEGREE,4.3333777602713874e-07,80,False,False,False
RICE,no_network,ONION AREA (1000 ha),0.0,81,False,False,False
RICE,no_network,SOYABEAN YIELD (Kg per ha),0.0,82,False,False,False
RICE,no_network,SOYABEAN PRODUCTION (1000 tons),0.0,83,False,False,False
RICE,no_network,CASTOR AREA (1000 ha),0.0,84,False,False,False
RICE,no_network,LINSEED YIELD (Kg per ha),0.0,85,False,False,False
RICE,no_network,CASTOR PRODUCTION (1000 tons),0.0,86,False,False,False
RICE,no_network,RABI SORGHUM YIELD (Kg per ha),0.0,87,False,False,False
RICE,with_network,RICE_lag1,0.6312000784505136,1,False,True,False
RICE,with_network,RICE_yoy_change,0.19229430353457785,2,False,True,False
RICE,with_network,RICE_lag2,0.08172362774524727,3,False,True,False
RICE,with_network,RICE_roll3,0.06984576015215828,4,False,True,False
RICE,with_network,RICE_lag3,0.010869828646861562,5,False,True,False
RICE,with_network,WHEAT PRODUCTION (1000 tons),0.004125018455909364,6,False,False,False
RICE,with_network,RICE PRODUCTION (1000 tons),0.00224837151256371,7,False,False,False
RICE,with_network,RICE AREA (1000 ha),0.0010905846755767162,8,False,False,False
RICE,with_network,RICE_roll3_std,0.0009060163795337092,9,False,True,False
RICE,with_network,WHEAT AREA (1000 ha),0.0005195308247236053,10,False,False,False
RICE,with_network,SUGARCANE YIELD (Kg per ha),0.000518920186179832,11,False,False,False
RICE,with_network,net_eigenvector,0.00047146988644353925,12,True,False,False
RICE,with_network,RAPESEED AND MUSTARD AREA (1000 ha),0.00033258673064794444,13,False,False,False
RICE,with_network,SAFFLOWER PRODUCTION (1000 tons),0.0003174764327184181,14,False,False,False
RICE,with_network,OILSEEDS YIELD (Kg per ha),0.00023914746823844386,15,False,False,False
RICE,with_network,GROUNDNUT YIELD (Kg per ha),0.00023648824627837373,16,False,False,False
RICE,with_network,WHEAT YIELD (Kg per ha),0.0002183273065257766,17,False,False,False
RICE,with_network,PIGEONPEA AREA (1000 ha),0.00021288335731075753,18,False,False,False
RICE,with_network,SUGARCANE AREA (1000 ha),0.00019391453288715647,19,False,False,False
RICE,with_network,LINSEED PRODUCTION (1000 tons),0.0001883206536586798,20,False,False,False
RICE,with_network,COTTON AREA (1000 ha),0.00018579178285584787,21,False,False,False
RICE,with_network,SUNFLOWER AREA (1000 ha),0.0001648122740531718,22,False,False,False
RICE,with_network,CHICKPEA AREA (1000 ha),0.00016071701561397992,23,False,False,False
RICE,with_network,MINOR PULSES AREA (1000 ha),0.0001543814940807416,24,False,False,False
RICE,with_network,State Code,0.00014757995479201404,25,False,False,False
RICE,with_network,DIST_BETWEENNESS,0.000112695552307403,26,False,False,False
RICE,with_network,MINOR PULSES PRODUCTION (1000 tons),0.00011216114792448404,27,False,False,False
RICE,with_network,SAFFLOWER AREA (1000 ha),0.00010833426585535076,28,False,False,False
RICE,with_network,SUNFLOWER PRODUCTION (1000 tons),0.00010000927975919928,29,False,False,False
RICE,with_network,MINOR PULSES YIELD (Kg per ha),7.762789689231312e-05,30,False,False,False
RICE,with_network,SESAMUM PRODUCTION (1000 tons),7.154614454641345e-05,31,False,False,False
RICE,with_network,FRUITS AREA (1000 ha),6.689455357261329e-05,32,False,False,False
RICE,with_network,POTATOES AREA (1000 ha),5.943240464730481e-05,33,False,False,False
RICE,with_network,FODDER AREA (1000 ha),5.655291815784469e-05,34,False,False,False
RICE,with_network,RAPESEED AND MUSTARD PRODUCTION (1000 tons),5.5735790238161536e-05,35,False,False,False
RICE,with_network,PEARL MILLET AREA (1000 ha),4.6945729585980564e-05,36,False,False,False
RICE,with_network,SESAMUM AREA (1000 ha),4.2765408139270544e-05,37,False,False,False
RICE,with_network,PEARL MILLET PRODUCTION (1000 tons),3.997338023253071e-05,38,False,False,False
RICE,with_network,BARLEY YIELD (Kg per ha),3.984698452114806e-05,39,False,False,False
RICE,with_network,BARLEY AREA (1000 ha),3.905116255690618e-05,40,False,False,False
RICE,with_network,COTTON PRODUCTION (1000 tons),3.753396170719352e-05,41,False,False,False
RICE,with_network,net_degree,3.0440546229225642e-05,42,True,False,False
RICE,with_network,FINGER MILLET AREA (1000 ha),2.9828621961953212e-05,43,False,False,False
RICE,with_network,SORGHUM AREA (1000 ha),2.8529799019148382e-05,44,False,False,False
RICE,with_network,KHARIF SORGHUM PRODUCTION (1000 tons),2.4601380078133355e-05,45,False,False,False
RICE,with_network,FRUITS AND VEGETABLES AREA (1000 ha),2.3073076943182336e-05,46,False,False,False
RICE,with_network,SUGARCANE PRODUCTION (1000 tons),2.1229757522271872e-05,47,False,False,False
RICE,with_network,FINGER MILLET YIELD (Kg per ha),1.9467862195842233e-05,48,False,False,False
RICE,with_network,num_active_crops,1.734667186302177e-05,49,False,False,True
RICE,with_network,net_betweenness,1.7286615641418697e-05,50,True,False,False
RICE,with_network,VEGETABLES AREA (1000 ha),1.6779665541627868e-05,51,False,False,False
RICE,with_network,KHARIF SORGHUM AREA (1000 ha),1.660655026835395e-05,52,False,False,False
RICE,with_network,PEARL MILLET YIELD (Kg per ha),1.638391351111507e-05,53,False,False,False
RICE,with_network,diversity_simpson,1.1769056698980242e-05,54,False,False,True
RICE,with_network,CHICKPEA YIELD (Kg per ha),1.0568969874200635e-05,55,False,False,False
RICE,with_network,MAIZE AREA (1000 ha),9.312314003593602e-06,56,False,False,False
RICE,with_network,SAFFLOWER YIELD (Kg per ha),7.98608103622238e-06,57,False,False,False
RICE,with_network,OILSEEDS PRODUCTION (1000 tons),7.859333968646226e-06,58,False,False,False
RICE,with_network,DIST_DEGREE,7.284255920992308e-06,59,False,False,False
RICE,with_network,ONION AREA (1000 ha),5.954157440501574e-06,60,False,False,False
RICE,with_network,net_closeness,5.920648273645202e-06,61,True,False,False
RICE,with_network,PIGEONPEA YIELD (Kg per ha),5.881139965299434e-06,62,False,False,False
RICE,with_network,RABI SORGHUM PRODUCTION (1000 tons),5.326382002799618e-06,63,False,False,False
RICE,with_network,HERFINDAHL,4.51825617023379e-06,64,False,False,False
RICE,with_network,MAIZE YIELD (Kg per ha),4.414103352427988e-06,65,False,False,False
RICE,with_network,GROUNDNUT PRODUCTION (1000 tons),3.9366660019913205e-06,66,False,False,False
RICE,with_network,RABI SORGHUM AREA (1000 ha),3.5585351561293914e-06,67,False,False,False
RICE,with_network,GROUNDNUT AREA (1000 ha),2.6961925077232553e-06,68,False,False,False
RICE,with_network,CHICKPEA PRODUCTION (1000 tons),1.891768299277081e-06,69,False,False,False
RICE,with_network,MAIZE PRODUCTION (1000 tons),1.68860784496575e-06,70,False,False,False
RICE,with_network,OILSEEDS AREA (1000 ha),1.2029727624093243e-06,71,False,False,False
RICE,with_network,DIST_STRENGTH,8.89920627505013e-07,72,False,False,False
RICE,with_network,RAPESEED AND MUSTARD YIELD (Kg per ha),8.34356169032253e-07,73,False,False,False
RICE,with_network,LINSEED AREA (1000 ha),6.734189634838711e-07,74,False,False,False
RICE,with_network,PIGEONPEA PRODUCTION (1000 tons),6.351547674159871e-07,75,False,False,False
RICE,with_network,SORGHUM YIELD (Kg per ha),5.789668227769093e-07,76,False,False,False
RICE,with_network,COTTON YIELD (Kg per ha),0.0,77,False,False,False
RICE,with_network,net_clustering,0.0,78,True,False,False
RICE,with_network,SESAMUM YIELD (Kg per ha),0.0,79,False,False,False
RICE,with_network,SOYABEAN YIELD (Kg per ha),0.0,80,False,False,False
RICE,with_network,LINSEED YIELD (Kg per ha),0.0,81,False,False,False
RICE,with_network,CASTOR YIELD (Kg per ha),0.0,82,False,False,False
RICE,with_network,CASTOR PRODUCTION (1000 tons),0.0,83,False,False,False
RICE,with_network,CASTOR AREA (1000 ha),0.0,84,False,False,False
RICE,with_network,SUNFLOWER YIELD (Kg per ha),0.0,85,False,False,False
RICE,with_network,SOYABEAN AREA (1000 ha),0.0,86,False,False,False
RICE,with_network,SOYABEAN PRODUCTION (1000 tons),0.0,87,False,False,False
RICE,with_network,BARLEY PRODUCTION (1000 tons),0.0,88,False,False,False
RICE,with_network,FINGER MILLET PRODUCTION (1000 tons),0.0,89,False,False,False
RICE,with_network,KHARIF SORGHUM YIELD (Kg per ha),0.0,90,False,False,False
RICE,with_network,SORGHUM PRODUCTION (1000 tons),0.0,91,False,False,False
RICE,with_network,RABI SORGHUM YIELD (Kg per ha),0.0,92,False,False,False
WHEAT,no_network,WHEAT_lag1,0.6695573734207431,1,False,True,False
WHEAT,no_network,WHEAT_yoy_change,0.19721518815708175,2,False,True,False
WHEAT,no_network,WHEAT_roll3,0.0791330114937622,3,False,True,False
WHEAT,no_network,WHEAT_lag2,0.034688934104201756,4,False,True,False
WHEAT,no_network,WHEAT_lag3,0.007832976584420176,5,False,True,False
WHEAT,no_network,WHEAT PRODUCTION (1000 tons),0.003974272647667073,6,False,False,False
WHEAT,no_network,LINSEED AREA (1000 ha),0.0020286945107598708,7,False,False,False
WHEAT,no_network,RABI SORGHUM AREA (1000 ha),0.0013252852700708683,8,False,False,False
WHEAT,no_network,WHEAT_roll3_std,0.00046415452588477376,9,False,True,False
WHEAT,no_network,WHEAT AREA (1000 ha),0.0004591553916403371,10,False,False,False
WHEAT,no_network,CHICKPEA YIELD (Kg per ha),0.0003983166175390747,11,False,False,False
WHEAT,no_network,BARLEY YIELD (Kg per ha),0.00030420645551537646,12,False,False,False
WHEAT,no_network,BARLEY PRODUCTION (1000 tons),0.0002366748894875155,13,False,False,False
WHEAT,no_network,num_active_crops,0.00016745168323920904,14,False,False,True
WHEAT,no_network,PIGEONPEA AREA (1000 ha),0.00015398517449067683,15,False,False,False
WHEAT,no_network,OILSEEDS AREA (1000 ha),0.0001535026637738995,16,False,False,False
WHEAT,no_network,PEARL MILLET YIELD (Kg per ha),0.00013022668277537364,17,False,False,False
WHEAT,no_network,CHICKPEA PRODUCTION (1000 tons),0.00012465955812079047,18,False,False,False
WHEAT,no_network,HERFINDAHL,0.00012403646366003813,19,False,False,False
WHEAT,no_network,diversity_simpson,0.00012178047836598916,20,False,False,True
WHEAT,no_network,SORGHUM AREA (1000 ha),0.00011700709236131994,21,False,False,False
WHEAT,no_network,COTTON YIELD (Kg per ha),0.00011674781182822805,22,False,False,False
WHEAT,no_network,GROUNDNUT YIELD (Kg per ha),0.00011151540453717537,23,False,False,False
WHEAT,no_network,MINOR PULSES AREA (1000 ha),8.247756000857513e-05,24,False,False,False
WHEAT,no_network,FRUITS AND VEGETABLES AREA (1000 ha),7.13741719556995e-05,25,False,False,False
WHEAT,no_network,OILSEEDS PRODUCTION (1000 tons),5.7899038039483905e-05,26,False,False,False
WHEAT,no_network,RAPESEED AND MUSTARD AREA (1000 ha),5.7420539868985856e-05,27,False,False,False
WHEAT,no_network,SUGARCANE YIELD (Kg per ha),5.578707989521649e-05,28,False,False,False
WHEAT,no_network,GROUNDNUT PRODUCTION (1000 tons),5.192298418269007e-05,29,False,False,False
WHEAT,no_network,RICE YIELD (Kg per ha),5.091072252891215e-05,30,False,False,False
WHEAT,no_network,MAIZE PRODUCTION (1000 tons),4.58155438797784e-05,31,False,False,False
WHEAT,no_network,SUNFLOWER AREA (1000 ha),4.4323850896010175e-05,32,False,False,False
WHEAT,no_network,FODDER AREA (1000 ha),4.417865139397963e-05,33,False,False,False
WHEAT,no_network,MINOR PULSES YIELD (Kg per ha),4.217408748949353e-05,34,False,False,False
WHEAT,no_network,CASTOR AREA (1000 ha),4.1316232985057884e-05,35,False,False,False
WHEAT,no_network,BARLEY AREA (1000 ha),3.6363563085230675e-05,36,False,False,False
WHEAT,no_network,PIGEONPEA YIELD (Kg per ha),3.511573154580847e-05,37,False,False,False
WHEAT,no_network,MINOR PULSES PRODUCTION (1000 tons),3.1461840417778754e-05,38,False,False,False
WHEAT,no_network,KHARIF SORGHUM PRODUCTION (1000 tons),2.718678717042885e-05,39,False,False,False
WHEAT,no_network,FRUITS AREA (1000 ha),2.6658516440547975e-05,40,False,False,False
WHEAT,no_network,MAIZE AREA (1000 ha),2.3523230910193366e-05,41,False,False,False
WHEAT,no_network,SESAMUM PRODUCTION (1000 tons),2.1260911960918602e-05,42,False,False,False
WHEAT,no_network,SESAMUM AREA (1000 ha),2.052826786278522e-05,43,False,False,False
WHEAT,no_network,POTATOES AREA (1000 ha),1.9424738161878036e-05,44,False,False,False
WHEAT,no_network,State Code,1.8508487659546323e-05,45,False,False,False
WHEAT,no_network,RABI SORGHUM YIELD (Kg per ha),1.5903918485021963e-05,46,False,False,False
WHEAT,no_network,SAFFLOWER PRODUCTION (1000 tons),1.5215278011058274e-05,47,False,False,False
WHEAT,no_network,RICE PRODUCTION (1000 tons),1.5038776853187928e-05,48,False,False,False
WHEAT,no_network,RABI SORGHUM PRODUCTION (1000 tons),1.3890515768316806e-05,49,False,False,False
WHEAT,no_network,OILSEEDS YIELD (Kg per ha),1.3849465695739574e-05,50,False,False,False
WHEAT,no_network,RICE AREA (1000 ha),1.2126265303804544e-05,51,False,False,False
WHEAT,no_network,SORGHUM YIELD (Kg per ha),1.1085093104809676e-05,52,False,False,False
WHEAT,no_network,LINSEED YIELD (Kg per ha),8.398340085743754e-06,53,False,False,False
WHEAT,no_network,COTTON PRODUCTION (1000 tons),7.804409477128386e-06,54,False,False,False
WHEAT,no_network,SESAMUM YIELD (Kg per ha),6.403592245986433e-06,55,False,False,False
WHEAT,no_network,DIST_BETWEENNESS,5.044026201280286e-06,56,False,False,False
WHEAT,no_network,RAPESEED AND MUSTARD PRODUCTION (1000 tons),4.882225160444605e-06,57,False,False,False
WHEAT,no_network,ONION AREA (1000 ha),4.645017297053548e-06,58,False,False,False
WHEAT,no_network,VEGETABLES AREA (1000 ha),4.392123623959457e-06,59,False,False,False
WHEAT,no_network,SAFFLOWER YIELD (Kg per ha),2.710782236473401e-06,60,False,False,False
WHEAT,no_network,DIST_STRENGTH,2.288779242911274e-06,61,False,False,False
WHEAT,no_network,SORGHUM PRODUCTION (1000 tons),1.8207810363721296e-06,62,False,False,False
WHEAT,no_network,PEARL MILLET AREA (1000 ha),1.6923643384525808e-06,63,False,False,False
WHEAT,no_network,FINGER MILLET AREA (1000 ha),1.2395242594066933e-06,64,False,False,False
WHEAT,no_network,PEARL MILLET PRODUCTION (1000 tons),1.2254005844492957e-06,65,False,False,False
WHEAT,no_network,DIST_DEGREE,1.1986147589362607e-06,66,False,False,False
WHEAT,no_network,RAPESEED AND MUSTARD YIELD (Kg per ha),1.1385410145839575e-06,67,False,False,False
WHEAT,no_network,KHARIF SORGHUM YIELD (Kg per ha),1.1266373809115877e-06,68,False,False,False
WHEAT,no_network,PIGEONPEA PRODUCTION (1000 tons),7.426306307659282e-07,69,False,False,False
WHEAT,no_network,KHARIF SORGHUM AREA (1000 ha),7.349330567137125e-07,70,False,False,False
WHEAT,no_network,SOYABEAN AREA (1000 ha),2.6733730768557363e-07,71,False,False,False
WHEAT,no_network,SOYABEAN YIELD (Kg per ha),2.4089148825072104e-07,72,False,False,False
WHEAT,no_network,SUNFLOWER YIELD (Kg per ha),1.0411508488761581e-07,73,False,False,False
WHEAT,no_network,SUGARCANE PRODUCTION (1000 tons),0.0,74,False,False,False
WHEAT,no_network,COTTON AREA (1000 ha),0.0,75,False,False,False
WHEAT,no_network,LINSEED PRODUCTION (1000 tons),0.0,76,False,False,False
WHEAT,no_network,SUNFLOWER PRODUCTION (1000 tons),0.0,77,False,False,False
WHEAT,no_network,CASTOR YIELD (Kg per ha),0.0,78,False,False,False
WHEAT,no_network,CASTOR PRODUCTION (1000 tons),0.0,79,False,False,False
WHEAT,no_network,GROUNDNUT AREA (1000 ha),0.0,80,False,False,False
WHEAT,no_network,SAFFLOWER AREA (1000 ha),0.0,81,False,False,False
WHEAT,no_network,SOYABEAN PRODUCTION (1000 tons),0.0,82,False,False,False
WHEAT,no_network,SUGARCANE AREA (1000 ha),0.0,83,False,False,False
WHEAT,no_network,FINGER MILLET PRODUCTION (1000 tons),0.0,84,False,False,False
WHEAT,no_network,FINGER MILLET YIELD (Kg per ha),0.0,85,False,False,False
WHEAT,no_network,MAIZE YIELD (Kg per ha),0.0,86,False,False,False
WHEAT,no_network,CHICKPEA AREA (1000 ha),0.0,87,False,False,False
WHEAT,with_network,WHEAT_lag1,0.6699816392152208,1,False,True,False
WHEAT,with_network,WHEAT_yoy_change,0.19711406386910646,2,False,True,False
WHEAT,with_network,WHEAT_roll3,0.07794858151697877,3,False,True,False
WHEAT,with_network,WHEAT_lag2,0.03426779228755073,4,False,True,False
WHEAT,with_network,WHEAT_lag3,0.007836142289110837,5,False,True,False
WHEAT,with_network,WHEAT PRODUCTION (1000 tons),0.003762858218995934,6,False,False,False
WHEAT,with_network,LINSEED AREA (1000 ha),0.0021436535937249296,7,False,False,False
WHEAT,with_network,net_eigenvector,0.001999944630747097,8,True,False,False
WHEAT,with_network,RABI SORGHUM AREA (1000 ha),0.0009572186744343788,9,False,False,False
WHEAT,with_network,WHEAT_roll3_std,0.0005066435969203613,10,False,True,False
WHEAT,with_network,WHEAT AREA (1000 ha),0.00044346398869693753,11,False,False,False
WHEAT,with_network,CHICKPEA YIELD (Kg per ha),0.0002453386045556562,12,False,False,False
WHEAT,with_network,BARLEY YIELD (Kg per ha),0.0002318897139617412,13,False,False,False
WHEAT,with_network,MINOR PULSES AREA (1000 ha),0.00021395258329953782,14,False,False,False
WHEAT,with_network,SAFFLOWER AREA (1000 ha),0.00017734536940833108,15,False,False,False
WHEAT,with_network,diversity_simpson,0.00014109347799398284,16,False,False,True
WHEAT,with_network,num_active_crops,0.00013958187919183536,17,False,False,True
WHEAT,with_network,RICE YIELD (Kg per ha),0.00011857875864735078,18,False,False,False
WHEAT,with_network,COTTON YIELD (Kg per ha),0.00011772432958381147,19,False,False,False
WHEAT,with_network,SORGHUM AREA (1000 ha),0.00010712848649683757,20,False,False,False
WHEAT,with_network,MINOR PULSES YIELD (Kg per ha),0.00010659377407928173,21,False,False,False
WHEAT,with_network,CHICKPEA PRODUCTION (1000 tons),7.53783725896431e-05,22,False,False,False
WHEAT,with_network,SESAMUM PRODUCTION (1000 tons),7.310995560241272e-05,23,False,False,False
WHEAT,with_network,PIGEONPEA AREA (1000 ha),6.972387836266897e-05,24,False,False,False
WHEAT,with_network,net_clustering,6.859664325837184e-05,25,True,False,False
WHEAT,with_network,CHICKPEA AREA (1000 ha),6.816897715020185e-05,26,False,False,False
WHEAT,with_network,FINGER MILLET YIELD (Kg per ha),6.766508576210054e-05,27,False,False,False
WHEAT,with_network,BARLEY PRODUCTION (1000 tons),6.766142433738119e-05,28,False,False,False
WHEAT,with_network,OILSEEDS AREA (1000 ha),6.599735533687448e-05,29,False,False,False
WHEAT,with_network,PEARL MILLET PRODUCTION (1000 tons),6.499688936976779e-05,30,False,False,False
WHEAT,with_network,OILSEEDS PRODUCTION (1000 tons),6.297345933197462e-05,31,False,False,False
WHEAT,with_network,OILSEEDS YIELD (Kg per ha),5.539455210234098e-05,32,False,False,False
WHEAT,with_network,PEARL MILLET YIELD (Kg per ha),5.10045579215124e-05,33,False,False,False
WHEAT,with_network,RICE AREA (1000 ha),5.054512613498848e-05,34,False,False,False
WHEAT,with_network,FRUITS AND VEGETABLES AREA (1000 ha),4.881627379993118e-05,35,False,False,False
WHEAT,with_network,GROUNDNUT AREA (1000 ha),4.775140911289713e-05,36,False,False,False
WHEAT,with_network,SUNFLOWER AREA (1000 ha),4.562539072457196e-05,37,False,False,False
WHEAT,with_network,CASTOR AREA (1000 ha),3.3045644733641834e-05,38,False,False,False
WHEAT,with_network,MINOR PULSES PRODUCTION (1000 tons),3.2192241165944676e-05,39,False,False,False
WHEAT,with_network,GROUNDNUT YIELD (Kg per ha),3.170255645877056e-05,40,False,False,False
WHEAT,with_network,HERFINDAHL,2.6852612973223537e-05,41,False,False,False
WHEAT,with_network,RAPESEED AND MUSTARD AREA (1000 ha),2.4238181971764714e-05,42,False,False,False
WHEAT,with_network,SAFFLOWER PRODUCTION (1000 tons),2.335460494362156e-05,43,False,False,False
WHEAT,with_network,FRUITS AREA (1000 ha),2.1288302466569288e-05,44,False,False,False
WHEAT,with_network,PIGEONPEA YIELD (Kg per ha),2.0880967534095715e-05,45,False,False,False
WHEAT,with_network,SESAMUM AREA (1000 ha),2.023316233086814e-05,46,False,False,False
WHEAT,with_network,MAIZE AREA (1000 ha),1.860711688403933e-05,47,False,False,False
WHEAT,with_network,RAPESEED AND MUSTARD PRODUCTION (1000 tons),1.8388636120219963e-05,48,False,False,False
WHEAT,with_network,RICE PRODUCTION (1000 tons),1.8117667462709333e-05,49,False,False,False
WHEAT,with_network,PIGEONPEA PRODUCTION (1000 tons),1.656521279339073e-05,50,False,False,False
WHEAT,with_network,GROUNDNUT PRODUCTION (1000 tons),1.5470588621890137e-05,51,False,False,False
WHEAT,with_network,SUGARCANE YIELD (Kg per ha),1.3918265161630464e-05,52,False,False,False
WHEAT,with_network,SUNFLOWER YIELD (Kg per ha),1.3692058353889588e-05,53,False,False,False
WHEAT,with_network,DIST_BETWEENNESS,1.3421174570942145e-05,54,False,False,False
WHEAT,with_network,net_betweenness,1.2708941626638129e-05,55,True,False,False
WHEAT,with_network,LINSEED PRODUCTION (1000 tons),1.0599199895631377e-05,56,False,False,False
WHEAT,with_network,State Code,1.0431951445089781e-05,57,False,False,False
WHEAT,with_network,MAIZE PRODUCTION (1000 tons),9.53592885921418e-06,58,False,False,False
WHEAT,with_network,KHARIF SORGHUM AREA (1000 ha),8.546547928257427e-06,59,False,False,False
WHEAT,with_network,SESAMUM YIELD (Kg per ha),8.513077712165665e-06,60,False,False,False
WHEAT,with_network,RABI SORGHUM YIELD (Kg per ha),8.366595855436814e-06,61,False,False,False
WHEAT,with_network,COTTON PRODUCTION (1000 tons),7.80417061626193e-06,62,False,False,False
WHEAT,with_network,POTATOES AREA (1000 ha),4.642205910429895e-06,63,False,False,False
WHEAT,with_network,ONION AREA (1000 ha),3.5885037676551006e-06,64,False,False,False
WHEAT,with_network,BARLEY AREA (1000 ha),3.4684622678222826e-06,65,False,False,False
WHEAT,with_network,VEGETABLES AREA (1000 ha),1.906911088260272e-06,66,False,False,False
WHEAT,with_network,LINSEED YIELD (Kg per ha),1.218457466010566e-06,67,False,False,False
WHEAT,with_network,FINGER MILLET AREA (1000 ha),6.838102260293393e-07,68,False,False,False
WHEAT,with_network,net_closeness,5.022243857402445e-07,69,True,False,False
WHEAT,with_network,SORGHUM YIELD (Kg per ha),2.4614612864713524e-07,70,False,False,False
WHEAT,with_network,SUGARCANE PRODUCTION (1000 tons),2.057312751297374e-07,71,False,False,False
WHEAT,with_network,CASTOR PRODUCTION (1000 tons),1.9364573331987246e-07,72,False,False,False
WHEAT,with_network,SOYABEAN PRODUCTION (1000 tons),1.2410854779385547e-07,73,False,False,False
WHEAT,with_network,RAPESEED AND MUSTARD YIELD (Kg per ha),9.942562531272251e-08,74,False,False,False
WHEAT,with_network,SOYABEAN YIELD (Kg per ha),6.749488595721574e-09,75,False,False,False
WHEAT,with_network,net_degree,0.0,76,True,False,False
WHEAT,with_network,COTTON AREA (1000 ha),0.0,77,False,False,False
WHEAT,with_network,DIST_STRENGTH,0.0,78,False,False,False
WHEAT,with_network,DIST_DEGREE,0.0,79,False,False,False
WHEAT,with_network,FODDER AREA (1000 ha),0.0,80,False,False,False
WHEAT,with_network,SOYABEAN AREA (1000 ha),0.0,81,False,False,False
WHEAT,with_network,SUGARCANE AREA (1000 ha),0.0,82,False,False,False
WHEAT,with_network,SUNFLOWER PRODUCTION (1000 tons),0.0,83,False,False,False
WHEAT,with_network,CASTOR YIELD (Kg per ha),0.0,84,False,False,False
WHEAT,with_network,SAFFLOWER YIELD (Kg per ha),0.0,85,False,False,False
WHEAT,with_network,MAIZE YIELD (Kg per ha),0.0,86,False,False,False
WHEAT,with_network,FINGER MILLET PRODUCTION (1000 tons),0.0,87,False,False,False
WHEAT,with_network,SORGHUM PRODUCTION (1000 tons),0.0,88,False,False,False
WHEAT,with_network,KHARIF SORGHUM YIELD (Kg per ha),0.0,89,False,False,False
WHEAT,with_network,RABI SORGHUM PRODUCTION (1000 tons),0.0,90,False,False,False
WHEAT,with_network,PEARL MILLET AREA (1000 ha),0.0,91,False,False,False
WHEAT,with_network,KHARIF SORGHUM PRODUCTION (1000 tons),0.0,92,False,False,False
MAIZE,no_network,MAIZE_lag1,0.5665666394544031,1,False,True,False
MAIZE,no_network,MAIZE_yoy_change,0.37579889677465744,2,False,True,False
MAIZE,no_network,MAIZE_roll3,0.029184065779525075,3,False,True,False
MAIZE,no_network,MAIZE_lag2,0.010377911425407811,4,False,True,False
MAIZE,no_network,State Code,0.006634600945018845,5,False,False,False
MAIZE,no_network,MAIZE_lag3,0.0034468168662528755,6,False,True,False
MAIZE,no_network,MAIZE PRODUCTION (1000 tons),0.0019932909126803926,7,False,False,False
MAIZE,no_network,PIGEONPEA YIELD (Kg per ha),0.0007610258542927534,8,False,False,False
MAIZE,no_network,MAIZE AREA (1000 ha),0.00044953305487389705,9,False,False,False
MAIZE,no_network,KHARIF SORGHUM PRODUCTION (1000 tons),0.00035178188743910247,10,False,False,False
MAIZE,no_network,MINOR PULSES YIELD (Kg per ha),0.0003443386937373027,11,False,False,False
MAIZE,no_network,MINOR PULSES AREA (1000 ha),0.0003364897620744161,12,False,False,False
MAIZE,no_network,SORGHUM AREA (1000 ha),0.00029830566623959427,13,False,False,False
MAIZE,no_network,RABI SORGHUM PRODUCTION (1000 tons),0.00029487458744669733,14,False,False,False
MAIZE,no_network,RABI SORGHUM AREA (1000 ha),0.0002160924199760498,15,False,False,False
MAIZE,no_network,MAIZE_roll3_std,0.00021531684885144815,16,False,True,False
MAIZE,no_network,FINGER MILLET PRODUCTION (1000 tons),0.00020181298240520363,17,False,False,False
MAIZE,no_network,RICE YIELD (Kg per ha),0.00016454823765913446,18,False,False,False
MAIZE,no_network,SORGHUM PRODUCTION (1000 tons),0.00016245103063464264,19,False,False,False
MAIZE,no_network,SORGHUM YIELD (Kg per ha),0.00015590052793474263,20,False,False,False
MAIZE,no_network,BARLEY AREA (1000 ha),0.00014609793288191165,21,False,False,False
MAIZE,no_network,RAPESEED AND MUSTARD AREA (1000 ha),0.00014192950124019424,22,False,False,False
MAIZE,no_network,SOYABEAN AREA (1000 ha),0.0001372148585232298,23,False,False,False
MAIZE,no_network,KHARIF SORGHUM AREA (1000 ha),0.00013014078529340517,24,False,False,False
MAIZE,no_network,GROUNDNUT YIELD (Kg per ha),0.00011412876508553131,25,False,False,False
MAIZE,no_network,SESAMUM AREA (1000 ha),0.00011066661220898227,26,False,False,False
MAIZE,no_network,SUGARCANE PRODUCTION (1000 tons),8.922942382504534e-05,27,False,False,False
MAIZE,no_network,SUNFLOWER AREA (1000 ha),8.392388661379023e-05,28,False,False,False
MAIZE,no_network,SESAMUM PRODUCTION (1000 tons),7.877322255170046e-05,29,False,False,False
MAIZE,no_network,KHARIF SORGHUM YIELD (Kg per ha),6.484540495735155e-05,30,False,False,False
MAIZE,no_network,WHEAT PRODUCTION (1000 tons),5.984113212813166e-05,31,False,False,False
MAIZE,no_network,SUGARCANE AREA (1000 ha),5.734646373552728e-05,32,False,False,False
MAIZE,no_network,FINGER MILLET AREA (1000 ha),5.669863465390663e-05,33,False,False,False
MAIZE,no_network,OILSEEDS YIELD (Kg per ha),5.1854195291051534e-05,34,False,False,False
MAIZE,no_network,COTTON YIELD (Kg per ha),5.018850804068424e-05,35,False,False,False
MAIZE,no_network,SUNFLOWER YIELD (Kg per ha),5.007225815490822e-05,36,False,False,False
MAIZE,no_network,SUNFLOWER PRODUCTION (1000 tons),4.9456172531451225e-05,37,False,False,False
MAIZE,no_network,FODDER AREA (1000 ha),4.930816350845764e-05,38,False,False,False
MAIZE,no_network,FRUITS AND VEGETABLES AREA (1000 ha),4.920585844730492e-05,39,False,False,False
MAIZE,no_network,RICE AREA (1000 ha),4.803700911434877e-05,40,False,False,False
MAIZE,no_network,DIST_DEGREE,4.3340580448620865e-05,41,False,False,False
MAIZE,no_network,FRUITS AREA (1000 ha),3.958430581178062e-05,42,False,False,False
MAIZE,no_network,diversity_simpson,3.3795668434326184e-05,43,False,False,True
MAIZE,no_network,DIST_BETWEENNESS,2.5937801373123208e-05,44,False,False,False
MAIZE,no_network,LINSEED YIELD (Kg per ha),2.5860824004735975e-05,45,False,False,False
MAIZE,no_network,RICE PRODUCTION (1000 tons),2.420988719187518e-05,46,False,False,False
MAIZE,no_network,CASTOR YIELD (Kg per ha),2.33004202303436e-05,47,False,False,False
MAIZE,no_network,HERFINDAHL,2.3103966604132902e-05,48,False,False,False
MAIZE,no_network,DIST_STRENGTH,2.2285216321743387e-05,49,False,False,False
MAIZE,no_network,POTATOES AREA (1000 ha),1.8631555999597753e-05,50,False,False,False
MAIZE,no_network,WHEAT AREA (1000 ha),1.707052358666658e-05,51,False,False,False
MAIZE,no_network,BARLEY YIELD (Kg per ha),1.6618748958688175e-05,52,False,False,False
MAIZE,no_network,CHICKPEA PRODUCTION (1000 tons),1.3879570869358908e-05,53,False,False,False
MAIZE,no_network,FINGER MILLET YIELD (Kg per ha),1.1796243044849822e-05,54,False,False,False
MAIZE,no_network,VEGETABLES AREA (1000 ha),9.894901264021193e-06,55,False,False,False
MAIZE,no_network,PEARL MILLET PRODUCTION (1000 tons),9.487071199046439e-06,56,False,False,False
MAIZE,no_network,CHICKPEA YIELD (Kg per ha),8.954310302854137e-06,57,False,False,False
MAIZE,no_network,CHICKPEA AREA (1000 ha),8.903667502687251e-06,58,False,False,False
MAIZE,no_network,CASTOR PRODUCTION (1000 tons),7.19911694343704e-06,59,False,False,False
MAIZE,no_network,ONION AREA (1000 ha),6.15066217178387e-06,60,False,False,False
MAIZE,no_network,PIGEONPEA PRODUCTION (1000 tons),4.486685821813029e-06,61,False,False,False
MAIZE,no_network,OILSEEDS AREA (1000 ha),3.920405611101124e-06,62,False,False,False
MAIZE,no_network,PEARL MILLET YIELD (Kg per ha),3.6775490379136405e-06,63,False,False,False
MAIZE,no_network,MINOR PULSES PRODUCTION (1000 tons),3.613342021844898e-06,64,False,False,False
MAIZE,no_network,SUGARCANE YIELD (Kg per ha),3.444143540921812e-06,65,False,False,False
MAIZE,no_network,SESAMUM YIELD (Kg per ha),3.337345924403404e-06,66,False,False,False
MAIZE,no_network,LINSEED PRODUCTION (1000 tons),2.9819790602217734e-06,67,False,False,False
MAIZE,no_network,RAPESEED AND MUSTARD YIELD (Kg per ha),2.7353176436867744e-06,68,False,False,False
MAIZE,no_network,GROUNDNUT PRODUCTION (1000 tons),2.562466507255865e-06,69,False,False,False
MAIZE,no_network,SAFFLOWER AREA (1000 ha),2.4144203011376576e-06,70,False,False,False
MAIZE,no_network,PEARL MILLET AREA (1000 ha),2.0979056638047107e-06,71,False,False,False
MAIZE,no_network,OILSEEDS PRODUCTION (1000 tons),1.0216376022643943e-06,72,False,False,False
MAIZE,no_network,num_active_crops,4.9258702625761275e-08,73,False,False,True
MAIZE,no_network,COTTON PRODUCTION (1000 tons),0.0,74,False,False,False
MAIZE,no_network,COTTON AREA (1000 ha),0.0,75,False,False,False
MAIZE,no_network,SOYABEAN YIELD (Kg per ha),0.0,76,False,False,False
MAIZE,no_network,SOYABEAN PRODUCTION (1000 tons),0.0,77,False,False,False
MAIZE,no_network,LINSEED AREA (1000 ha),0.0,78,False,False,False
MAIZE,no_network,CASTOR AREA (1000 ha),0.0,79,False,False,False
MAIZE,no_network,GROUNDNUT AREA (1000 ha),0.0,80,False,False,False
MAIZE,no_network,SAFFLOWER PRODUCTION (1000 tons),0.0,81,False,False,False
MAIZE,no_network,SAFFLOWER YIELD (Kg per ha),0.0,82,False,False,False
MAIZE,no_network,RAPESEED AND MUSTARD PRODUCTION (1000 tons),0.0,83,False,False,False
MAIZE,no_network,PIGEONPEA AREA (1000 ha),0.0,84,False,False,False
MAIZE,no_network,BARLEY PRODUCTION (1000 tons),0.0,85,False,False,False
MAIZE,no_network,RABI SORGHUM YIELD (Kg per ha),0.0,86,False,False,False
MAIZE,no_network,WHEAT YIELD (Kg per ha),0.0,87,False,False,False
MAIZE,with_network,MAIZE_lag1,0.5665011526279037,1,False,True,False
MAIZE,with_network,MAIZE_yoy_change,0.37576221348386313,2,False,True,False
MAIZE,with_network,MAIZE_roll3,0.029164553988187975,3,False,True,False
MAIZE,with_network,MAIZE_lag2,0.010363316233870058,4,False,True,False
MAIZE,with_network,State Code,0.006636036412392209,5,False,False,False
MAIZE,with_network,MAIZE_lag3,0.0034365924338461682,6,False,True,False
MAIZE,with_network,MAIZE PRODUCTION (1000 tons),0.0018609159361291188,7,False,False,False
MAIZE,with_network,PIGEONPEA YIELD (Kg per ha),0.0007111335611301819,8,False,False,False
MAIZE,with_network,RABI SORGHUM PRODUCTION (1000 tons),0.0005017158762561704,9,False,False,False
MAIZE,with_network,MINOR PULSES AREA (1000 ha),0.00042428576810941087,10,False,False,False
MAIZE,with_network,MAIZE AREA (1000 ha),0.00037472875738144576,11,False,False,False
MAIZE,with_network,MINOR PULSES YIELD (Kg per ha),0.000349530090245041,12,False,False,False
MAIZE,with_network,SOYABEAN AREA (1000 ha),0.0002901051852116946,13,False,False,False
MAIZE,with_network,net_eigenvector,0.000271423408265077,14,True,False,False
MAIZE,with_network,MAIZE_roll3_std,0.00024111999830041773,15,False,True,False
MAIZE,with_network,RABI SORGHUM AREA (1000 ha),0.00022896325528846227,16,False,False,False
MAIZE,with_network,RICE YIELD (Kg per ha),0.00019484116233547312,17,False,False,False
MAIZE,with_network,KHARIF SORGHUM PRODUCTION (1000 tons),0.00019195161291851422,18,False,False,False
MAIZE,with_network,LINSEED YIELD (Kg per ha),0.00018461051867257414,19,False,False,False
MAIZE,with_network,FINGER MILLET PRODUCTION (1000 tons),0.00017702634968773468,20,False,False,False
MAIZE,with_network,SORGHUM AREA (1000 ha),0.00017240193563168634,21,False,False,False
MAIZE,with_network,SORGHUM YIELD (Kg per ha),0.00015985682140762646,22,False,False,False
MAIZE,with_network,RAPESEED AND MUSTARD AREA (1000 ha),0.00015528611842660208,23,False,False,False
MAIZE,with_network,BARLEY PRODUCTION (1000 tons),0.0001318868118166877,24,False,False,False
MAIZE,with_network,KHARIF SORGHUM AREA (1000 ha),0.00010863819854747577,25,False,False,False
MAIZE,with_network,GROUNDNUT YIELD (Kg per ha),0.00010298381075631789,26,False,False,False
MAIZE,with_network,SUGARCANE PRODUCTION (1000 tons),9.281403966365427e-05,27,False,False,False
MAIZE,with_network,SORGHUM PRODUCTION (1000 tons),8.707701521911935e-05,28,False,False,False
MAIZE,with_network,SUNFLOWER AREA (1000 ha),8.468158116968978e-05,29,False,False,False
MAIZE,with_network,RICE AREA (1000 ha),7.35907440472066e-05,30,False,False,False
MAIZE,with_network,FINGER MILLET AREA (1000 ha),6.955332385327379e-05,31,False,False,False
MAIZE,with_network,CASTOR YIELD (Kg per ha),6.660123105112655e-05,32,False,False,False
MAIZE,with_network,FRUITS AND VEGETABLES AREA (1000 ha),6.65055441721999e-05,33,False,False,False
MAIZE,with_network,WHEAT PRODUCTION (1000 tons),5.8059491892255444e-05,34,False,False,False
MAIZE,with_network,KHARIF SORGHUM YIELD (Kg per ha),5.5440885282101564e-05,35,False,False,False
MAIZE,with_network,SESAMUM AREA (1000 ha),5.156963024528898e-05,36,False,False,False
MAIZE,with_network,SESAMUM PRODUCTION (1000 tons),4.812706664254259e-05,37,False,False,False
MAIZE,with_network,CASTOR AREA (1000 ha),4.405550283860114e-05,38,False,False,False
MAIZE,with_network,DIST_BETWEENNESS,4.380252919124111e-05,39,False,False,False
MAIZE,with_network,FODDER AREA (1000 ha),4.0851650913826974e-05,40,False,False,False
MAIZE,with_network,POTATOES AREA (1000 ha),3.923966009240207e-05,41,False,False,False
MAIZE,with_network,SUGARCANE YIELD (Kg per ha),3.89373460801152e-05,42,False,False,False
MAIZE,with_network,COTTON YIELD (Kg per ha),3.793007604593598e-05,43,False,False,False
MAIZE,with_network,net_closeness,2.9997707682763794e-05,44,True,False,False
MAIZE,with_network,CHICKPEA YIELD (Kg per ha),2.857564152609656e-05,45,False,False,False
MAIZE,with_network,HERFINDAHL,2.422155102232426e-05,46,False,False,False
MAIZE,with_network,PEARL MILLET AREA (1000 ha),2.2207364040686606e-05,47,False,False,False
MAIZE,with_network,diversity_simpson,1.7696513935960505e-05,48,False,False,True
MAIZE,with_network,CHICKPEA AREA (1000 ha),1.7637373847530258e-05,49,False,False,False
MAIZE,with_network,OILSEEDS YIELD (Kg per ha),1.6982355098542684e-05,50,False,False,False
MAIZE,with_network,RICE PRODUCTION (1000 tons),1.3987413551934668e-05,51,False,False,False
MAIZE,with_network,BARLEY YIELD (Kg per ha),1.3637127679398413e-05,52,False,False,False
MAIZE,with_network,net_betweenness,1.2258010880662597e-05,53,True,False,False
MAIZE,with_network,BARLEY AREA (1000 ha),1.196086886367443e-05,54,False,False,False
MAIZE,with_network,DIST_STRENGTH,1.1905752170180275e-05,55,False,False,False
MAIZE,with_network,CHICKPEA PRODUCTION (1000 tons),1.185888950710942e-05,56,False,False,False
MAIZE,with_network,FRUITS AREA (1000 ha),1.0564234948588467e-05,57,False,False,False
MAIZE,with_network,FINGER MILLET YIELD (Kg per ha),9.848831007283217e-06,58,False,False,False
MAIZE,with_network,MINOR PULSES PRODUCTION (1000 tons),8.761984560502472e-06,59,False,False,False
MAIZE,with_network,VEGETABLES AREA (1000 ha),7.474951582963991e-06,60,False,False,False
MAIZE,with_network,CASTOR PRODUCTION (1000 tons),7.199116943437054e-06,61,False,False,False
MAIZE,with_network,SOYABEAN PRODUCTION (1000 tons),5.104236562153274e-06,62,False,False,False
MAIZE,with_network,DIST_DEGREE,4.305566952391396e-06,63,False,False,False
MAIZE,with_network,OILSEEDS PRODUCTION (1000 tons),4.005016475454838e-06,64,False,False,False
MAIZE,with_network,PIGEONPEA PRODUCTION (1000 tons),3.91700263736084e-06,65,False,False,False
MAIZE,with_network,GROUNDNUT PRODUCTION (1000 tons),2.6886987989624482e-06,66,False,False,False
MAIZE,with_network,OILSEEDS AREA (1000 ha),2.5612094986543703e-06,67,False,False,False
MAIZE,with_network,PEARL MILLET PRODUCTION (1000 tons),1.571359169840373e-06,68,False,False,False
MAIZE,with_network,GROUNDNUT AREA (1000 ha),1.2635294094057185e-06,69,False,False,False
MAIZE,with_network,num_active_crops,7.958970012538285e-07,70,False,False,True
MAIZE,with_network,LINSEED AREA (1000 ha),3.9588829271433373e-07,71,False,False,False
MAIZE,with_network,SOYABEAN YIELD (Kg per ha),3.4000388644308366e-07,72,False,False,False
MAIZE,with_network,COTTON AREA (1000 ha),1.6822748410422526e-07,73,False,False,False
MAIZE,with_network,ONION AREA (1000 ha),0.0,74,False,False,False
MAIZE,with_network,net_clustering,0.0,75,True,False,False
MAIZE,with_network,net_degree,0.0,76,True,False,False
MAIZE,with_network,COTTON PRODUCTION (1000 tons),0.0,77,False,False,False
MAIZE,with_network,SAFFLOWER AREA (1000 ha),0.0,78,False,False,False
MAIZE,with_network,RAPESEED AND MUSTARD YIELD (Kg per ha),0.0,79,False,False,False
MAIZE,with_network,SAFFLOWER PRODUCTION (1000 tons),0.0,80,False,False,False
MAIZE,with_network,RAPESEED AND MUSTARD PRODUCTION (1000 tons),0.0,81,False,False,False
MAIZE,with_network,SESAMUM YIELD (Kg per ha),0.0,82,False,False,False
MAIZE,with_network,LINSEED PRODUCTION (1000 tons),0.0,83,False,False,False
MAIZE,with_network,SUNFLOWER PRODUCTION (1000 tons),0.0,84,False,False,False
MAIZE,with_network,SUNFLOWER YIELD (Kg per ha),0.0,85,False,False,False
MAIZE,with_network,SUGARCANE AREA (1000 ha),0.0,86,False,False,False
MAIZE,with_network,SAFFLOWER YIELD (Kg per ha),0.0,87,False,False,False
MAIZE,with_network,PIGEONPEA AREA (1000 ha),0.0,88,False,False,False
MAIZE,with_network,PEARL MILLET YIELD (Kg per ha),0.0,89,False,False,False
MAIZE,with_network,RABI SORGHUM YIELD (Kg per ha),0.0,90,False,False,False
MAIZE,with_network,WHEAT AREA (1000 ha),0.0,91,False,False,False
MAIZE,with_network,WHEAT YIELD (Kg per ha),0.0,92,False,False,False
GROUNDNUT,no_network,GROUNDNUT_yoy_change,0.4584470527579308,1,False,True,False
GROUNDNUT,no_network,GROUNDNUT_lag1,0.40489959795951824,2,False,True,False
GROUNDNUT,no_network,OILSEEDS YIELD (Kg per ha),0.07285137547909283,3,False,False,False
GROUNDNUT,no_network,GROUNDNUT_roll3,0.02114852964427809,4,False,True,False
GROUNDNUT,no_network,GROUNDNUT_lag2,0.007875252509210624,5,False,True,False
GROUNDNUT,no_network,RICE PRODUCTION (1000 tons),0.006848773999427157,6,False,False,False
GROUNDNUT,no_network,RICE YIELD (Kg per ha),0.003361016245573202,7,False,False,False
GROUNDNUT,no_network,GROUNDNUT AREA (1000 ha),0.002514400364571013,8,False,False,False
GROUNDNUT,no_network,RICE AREA (1000 ha),0.0024466049437388356,9,False,False,False
GROUNDNUT,no_network,FRUITS AREA (1000 ha),0.001986104095812534,10,False,False,False
GROUNDNUT,no_network,FODDER AREA (1000 ha),0.0017187756983552376,11,False,False,False
GROUNDNUT,no_network,SORGHUM AREA (1000 ha),0.0016112390876239797,12,False,False,False
GROUNDNUT,no_network,OILSEEDS AREA (1000 ha),0.0015631367042387362,13,False,False,False
GROUNDNUT,no_network,FRUITS AND VEGETABLES AREA (1000 ha),0.0013055226306963813,14,False,False,False
GROUNDNUT,no_network,GROUNDNUT_roll3_std,0.0012536758113981155,15,False,True,False
GROUNDNUT,no_network,CHICKPEA YIELD (Kg per ha),0.0010959081370151467,16,False,False,False
GROUNDNUT,no_network,FINGER MILLET YIELD (Kg per ha),0.0008524792059002951,17,False,False,False
GROUNDNUT,no_network,GROUNDNUT PRODUCTION (1000 tons),0.0007850039429539518,18,False,False,False
GROUNDNUT,no_network,MINOR PULSES PRODUCTION (1000 tons),0.0007654097151038017,19,False,False,False
GROUNDNUT,no_network,SESAMUM YIELD (Kg per ha),0.0005377829373483691,20,False,False,False
GROUNDNUT,no_network,WHEAT PRODUCTION (1000 tons),0.0004483147200529248,21,False,False,False
GROUNDNUT,no_network,VEGETABLES AREA (1000 ha),0.00040919588436364113,22,False,False,False
GROUNDNUT,no_network,LINSEED AREA (1000 ha),0.0003492914670850669,23,False,False,False
GROUNDNUT,no_network,HERFINDAHL,0.00031544275400771784,24,False,False,False
GROUNDNUT,no_network,MAIZE AREA (1000 ha),0.00027885986910363363,25,False,False,False
GROUNDNUT,no_network,WHEAT AREA (1000 ha),0.00023923399108000996,26,False,False,False
GROUNDNUT,no_network,diversity_simpson,0.0002369613520542093,27,False,False,True
GROUNDNUT,no_network,LINSEED PRODUCTION (1000 tons),0.00023598812896327408,28,False,False,False
GROUNDNUT,no_network,COTTON YIELD (Kg per ha),0.00023187981708070715,29,False,False,False
GROUNDNUT,no_network,SUGARCANE AREA (1000 ha),0.00022928092661284654,30,False,False,False
GROUNDNUT,no_network,COTTON AREA (1000 ha),0.0002223678461303389,31,False,False,False
GROUNDNUT,no_network,CHICKPEA AREA (1000 ha),0.0001933693874915719,32,False,False,False
GROUNDNUT,no_network,DIST_STRENGTH,0.00018952235871894451,33,False,False,False
GROUNDNUT,no_network,MAIZE PRODUCTION (1000 tons),0.00018031386941372708,34,False,False,False
GROUNDNUT,no_network,CASTOR AREA (1000 ha),0.0001795575484117394,35,False,False,False
GROUNDNUT,no_network,GROUNDNUT_lag3,0.0001677122672673944,36,False,True,False
GROUNDNUT,no_network,PEARL MILLET PRODUCTION (1000 tons),0.00016564300668531307,37,False,False,False
GROUNDNUT,no_network,BARLEY PRODUCTION (1000 tons),0.0001602012196733666,38,False,False,False
GROUNDNUT,no_network,MINOR PULSES AREA (1000 ha),0.00015588917976340098,39,False,False,False
GROUNDNUT,no_network,SUGARCANE PRODUCTION (1000 tons),0.00013268837311331027,40,False,False,False
GROUNDNUT,no_network,num_active_crops,0.0001167693985545467,41,False,False,True
GROUNDNUT,no_network,SUGARCANE YIELD (Kg per ha),9.166784936277892e-05,42,False,False,False
GROUNDNUT,no_network,FINGER MILLET PRODUCTION (1000 tons),8.694303031953997e-05,43,False,False,False
GROUNDNUT,no_network,DIST_BETWEENNESS,8.6062176631915e-05,44,False,False,False
GROUNDNUT,no_network,State Code,7.828768543874093e-05,45,False,False,False
GROUNDNUT,no_network,CHICKPEA PRODUCTION (1000 tons),7.64491668177202e-05,46,False,False,False
GROUNDNUT,no_network,WHEAT YIELD (Kg per ha),6.473742224705273e-05,47,False,False,False
GROUNDNUT,no_network,SUNFLOWER AREA (1000 ha),6.384051637710827e-05,48,False,False,False
GROUNDNUT,no_network,PIGEONPEA YIELD (Kg per ha),6.291074976363714e-05,49,False,False,False
GROUNDNUT,no_network,MINOR PULSES YIELD (Kg per ha),6.030726820605646e-05,50,False,False,False
GROUNDNUT,no_network,SESAMUM AREA (1000 ha),5.653534505503552e-05,51,False,False,False
GROUNDNUT,no_network,POTATOES AREA (1000 ha),5.525871959561468e-05,52,False,False,False
GROUNDNUT,no_network,SORGHUM PRODUCTION (1000 tons),5.4438181880598286e-05,53,False,False,False
GROUNDNUT,no_network,CASTOR PRODUCTION (1000 tons),4.87765176758724e-05,54,False,False,False
GROUNDNUT,no_network,RAPESEED AND MUSTARD PRODUCTION (1000 tons),3.83931685062611e-05,55,False,False,False
GROUNDNUT,no_network,BARLEY AREA (1000 ha),3.522330400487215e-05,56,False,False,False
GROUNDNUT,no_network,RAPESEED AND MUSTARD AREA (1000 ha),3.4834282645519855e-05,57,False,False,False
GROUNDNUT,no_network,SORGHUM YIELD (Kg per ha),3.220890600796168e-05,58,False,False,False
GROUNDNUT,no_network,PIGEONPEA PRODUCTION (1000 tons),3.024008404227455e-05,59,False,False,False
GROUNDNUT,no_network,CASTOR YIELD (Kg per ha),2.7261768099547655e-05,60,False,False,False
GROUNDNUT,no_network,MAIZE YIELD (Kg per ha),2.6539746112374365e-05,61,False,False,False
GROUNDNUT,no_network,PIGEONPEA AREA (1000 ha),2.637730917131879e-05,62,False,False,False
GROUNDNUT,no_network,FINGER MILLET AREA (1000 ha),2.2456008898560186e-05,63,False,False,False
GROUNDNUT,no_network,ONION AREA (1000 ha),2.1903630356735587e-05,64,False,False,False
GROUNDNUT,no_network,KHARIF SORGHUM YIELD (Kg per ha),2.0163431338923543e-05,65,False,False,False
GROUNDNUT,no_network,PEARL MILLET AREA (1000 ha),2.0062747234914754e-05,66,False,False,False
GROUNDNUT,no_network,KHARIF SORGHUM AREA (1000 ha),2.005291984191687e-05,67,False,False,False
GROUNDNUT,no_network,RAPESEED AND MUSTARD YIELD (Kg per ha),1.5951930612600923e-05,68,False,False,False
GROUNDNUT,no_network,OILSEEDS PRODUCTION (1000 tons),1.085393647044495e-05,69,False,False,False
GROUNDNUT,no_network,KHARIF SORGHUM PRODUCTION (1000 tons),9.775793041867275e-06,70,False,False,False
GROUNDNUT,no_network,SAFFLOWER YIELD (Kg per ha),7.724611072186417e-06,71,False,False,False
GROUNDNUT,no_network,SESAMUM PRODUCTION (1000 tons),4.889385517707956e-06,72,False,False,False
GROUNDNUT,no_network,COTTON PRODUCTION (1000 tons),2.3641210918397975e-06,73,False,False,False
GROUNDNUT,no_network,BARLEY YIELD (Kg per ha),2.0493256589630685e-07,74,False,False,False
GROUNDNUT,no_network,PEARL MILLET YIELD (Kg per ha),1.7811857963778785e-07,75,False,False,False
GROUNDNUT,no_network,DIST_DEGREE,0.0,76,False,False,False
GROUNDNUT,no_network,SOYABEAN AREA (1000 ha),0.0,77,False,False,False
GROUNDNUT,no_network,LINSEED YIELD (Kg per ha),0.0,78,False,False,False
GROUNDNUT,no_network,SUNFLOWER PRODUCTION (1000 tons),0.0,79,False,False,False
GROUNDNUT,no_network,SAFFLOWER AREA (1000 ha),0.0,80,False,False,False
GROUNDNUT,no_network,SAFFLOWER PRODUCTION (1000 tons),0.0,81,False,False,False
GROUNDNUT,no_network,SOYABEAN PRODUCTION (1000 tons),0.0,82,False,False,False
GROUNDNUT,no_network,SOYABEAN YIELD (Kg per ha),0.0,83,False,False,False
GROUNDNUT,no_network,SUNFLOWER YIELD (Kg per ha),0.0,84,False,False,False
GROUNDNUT,no_network,RABI SORGHUM PRODUCTION (1000 tons),0.0,85,False,False,False
GROUNDNUT,no_network,RABI SORGHUM YIELD (Kg per ha),0.0,86,False,False,False
GROUNDNUT,no_network,RABI SORGHUM AREA (1000 ha),0.0,87,False,False,False
GROUNDNUT,with_network,GROUNDNUT_yoy_change,0.45735953153197717,1,False,True,False
GROUNDNUT,with_network,GROUNDNUT_lag1,0.4058554180354694,2,False,True,False
GROUNDNUT,with_network,OILSEEDS YIELD (Kg per ha),0.0727961228513182,3,False,False,False
GROUNDNUT,with_network,GROUNDNUT_roll3,0.021288504065536725,4,False,True,False
GROUNDNUT,with_network,GROUNDNUT_lag2,0.00790547875725129,5,False,True,False
GROUNDNUT,with_network,RICE PRODUCTION (1000 tons),0.006808375856707236,6,False,False,False
GROUNDNUT,with_network,RICE YIELD (Kg per ha),0.00330653462468487,7,False,False,False
GROUNDNUT,with_network,GROUNDNUT AREA (1000 ha),0.002416073250354374,8,False,False,False
GROUNDNUT,with_network,RICE AREA (1000 ha),0.002341856807071299,9,False,False,False
GROUNDNUT,with_network,SORGHUM AREA (1000 ha),0.0020904747379363563,10,False,False,False
GROUNDNUT,with_network,FRUITS AREA (1000 ha),0.0019036529385588977,11,False,False,False
GROUNDNUT,with_network,FODDER AREA (1000 ha),0.0018559915807427278,12,False,False,False
GROUNDNUT,with_network,OILSEEDS AREA (1000 ha),0.0014833967156958454,13,False,False,False
GROUNDNUT,with_network,GROUNDNUT_roll3_std,0.0014187841236686825,14,False,True,False
GROUNDNUT,with_network,FRUITS AND VEGETABLES AREA (1000 ha),0.0013702887003039204,15,False,False,False
GROUNDNUT,with_network,CHICKPEA YIELD (Kg per ha),0.001099509408547828,16,False,False,False
GROUNDNUT,with_network,MINOR PULSES PRODUCTION (1000 tons),0.001012463799417594,17,False,False,False
GROUNDNUT,with_network,GROUNDNUT PRODUCTION (1000 tons),0.0009523415120970441,18,False,False,False
GROUNDNUT,with_network,FINGER MILLET YIELD (Kg per ha),0.0007278270709140529,19,False,False,False
GROUNDNUT,with_network,SESAMUM YIELD (Kg per ha),0.0004857320462220514,20,False,False,False
GROUNDNUT,with_network,LINSEED AREA (1000 ha),0.00043137940825398294,21,False,False,False
GROUNDNUT,with_network,WHEAT PRODUCTION (1000 tons),0.0004157532490945799,22,False,False,False
GROUNDNUT,with_network,HERFINDAHL,0.00033013870364291125,23,False,False,False
GROUNDNUT,with_network,WHEAT AREA (1000 ha),0.0003036303785590949,24,False,False,False
GROUNDNUT,with_network,MAIZE PRODUCTION (1000 tons),0.0002728257474086789,25,False,False,False
GROUNDNUT,with_network,VEGETABLES AREA (1000 ha),0.00022042283190945946,26,False,False,False
GROUNDNUT,with_network,COTTON YIELD (Kg per ha),0.00020586352651361876,27,False,False,False
GROUNDNUT,with_network,diversity_simpson,0.00019346903134019456,28,False,False,True
GROUNDNUT,with_network,COTTON AREA (1000 ha),0.00019205188563781815,29,False,False,False
GROUNDNUT,with_network,GROUNDNUT_lag3,0.00018404261739700267,30,False,True,False
GROUNDNUT,with_network,DIST_STRENGTH,0.00017977946922516897,31,False,False,False
GROUNDNUT,with_network,net_closeness,0.00017588882947436205,32,True,False,False
GROUNDNUT,with_network,MAIZE AREA (1000 ha),0.00017131177726325774,33,False,False,False
GROUNDNUT,with_network,SUGARCANE PRODUCTION (1000 tons),0.00017062468001578852,34,False,False,False
GROUNDNUT,with_network,CASTOR AREA (1000 ha),0.00016222482726660733,35,False,False,False
GROUNDNUT,with_network,CHICKPEA AREA (1000 ha),0.00015157958630723553,36,False,False,False
GROUNDNUT,with_network,MINOR PULSES AREA (1000 ha),0.00012845454361196137,37,False,False,False
GROUNDNUT,with_network,LINSEED PRODUCTION (1000 tons),0.00012185084907747293,38,False,False,False
GROUNDNUT,with_network,BARLEY PRODUCTION (1000 tons),0.00010975406040265267,39,False,False,False
GROUNDNUT,with_network,net_eigenvector,0.00010636845032825763,40,True,False,False
GROUNDNUT,with_network,SESAMUM AREA (1000 ha),9.064760001996164e-05,41,False,False,False
GROUNDNUT,with_network,KHARIF SORGHUM YIELD (Kg per ha),8.850099370381725e-05,42,False,False,False
GROUNDNUT,with_network,MINOR PULSES YIELD (Kg per ha),7.465184943488437e-05,43,False,False,False
GROUNDNUT,with_network,LINSEED YIELD (Kg per ha),7.30153126397698e-05,44,False,False,False
GROUNDNUT,with_network,WHEAT YIELD (Kg per ha),6.952267301431479e-05,45,False,False,False
GROUNDNUT,with_network,State Code,6.426400189533772e-05,46,False,False,False
GROUNDNUT,with_network,FINGER MILLET PRODUCTION (1000 tons),6.413899188556266e-05,47,False,False,False
GROUNDNUT,with_network,SUNFLOWER AREA (1000 ha),6.37353308711205e-05,48,False,False,False
GROUNDNUT,with_network,ONION AREA (1000 ha),6.250966128349749e-05,49,False,False,False
GROUNDNUT,with_network,SUGARCANE AREA (1000 ha),5.942425795420051e-05,50,False,False,False
GROUNDNUT,with_network,num_active_crops,5.070704835376238e-05,51,False,False,True
GROUNDNUT,with_network,RAPESEED AND MUSTARD PRODUCTION (1000 tons),4.493174680993313e-05,52,False,False,False
GROUNDNUT,with_network,KHARIF SORGHUM AREA (1000 ha),4.344729027316354e-05,53,False,False,False
GROUNDNUT,with_network,net_betweenness,4.264455904016045e-05,54,True,False,False
GROUNDNUT,with_network,PIGEONPEA AREA (1000 ha),4.025238224523779e-05,55,False,False,False
GROUNDNUT,with_network,RAPESEED AND MUSTARD AREA (1000 ha),3.622012572064104e-05,56,False,False,False
GROUNDNUT,with_network,PIGEONPEA YIELD (Kg per ha),3.47460498856099e-05,57,False,False,False
GROUNDNUT,with_network,CHICKPEA PRODUCTION (1000 tons),3.25536547562506e-05,58,False,False,False
GROUNDNUT,with_network,PEARL MILLET PRODUCTION (1000 tons),2.9574295300314636e-05,59,False,False,False
GROUNDNUT,with_network,RAPESEED AND MUSTARD YIELD (Kg per ha),2.798710230294296e-05,60,False,False,False
GROUNDNUT,with_network,FINGER MILLET AREA (1000 ha),2.7374254979274066e-05,61,False,False,False
GROUNDNUT,with_network,SORGHUM YIELD (Kg per ha),2.706914965905451e-05,62,False,False,False
GROUNDNUT,with_network,COTTON PRODUCTION (1000 tons),2.2050535133754513e-05,63,False,False,False
GROUNDNUT,with_network,PIGEONPEA PRODUCTION (1000 tons),1.839628762830916e-05,64,False,False,False
GROUNDNUT,with_network,net_clustering,1.5802413914687565e-05,65,True,False,False
GROUNDNUT,with_network,BARLEY AREA (1000 ha),1.3285512799173724e-05,66,False,False,False
GROUNDNUT,with_network,SAFFLOWER PRODUCTION (1000 tons),1.300406233607942e-05,67,False,False,False
GROUNDNUT,with_network,DIST_BETWEENNESS,1.2782825502529973e-05,68,False,False,False
GROUNDNUT,with_network,CASTOR PRODUCTION (1000 tons),1.2163580698096281e-05,69,False,False,False
GROUNDNUT,with_network,KHARIF SORGHUM PRODUCTION (1000 tons),1.1014428553130931e-05,70,False,False,False
GROUNDNUT,with_network,MAIZE YIELD (Kg per ha),9.072269393320889e-06,71,False,False,False
GROUNDNUT,with_network,RABI SORGHUM PRODUCTION (1000 tons),6.649744094425303e-06,72,False,False,False
GROUNDNUT,with_network,OILSEEDS PRODUCTION (1000 tons),5.18767053838732e-06,73,False,False,False
GROUNDNUT,with_network,PEARL MILLET AREA (1000 ha),3.704036158102631e-06,74,False,False,False
GROUNDNUT,with_network,SUGARCANE YIELD (Kg per ha),2.1312083564361714e-06,75,False,False,False
GROUNDNUT,with_network,net_degree,1.0188121622343579e-06,76,True,False,False
GROUNDNUT,with_network,SOYABEAN AREA (1000 ha),4.540334068402119e-08,77,False,False,False
GROUNDNUT,with_network,PEARL MILLET YIELD (Kg per ha),1.0156191524541803e-11,78,False,False,False
GROUNDNUT,with_network,DIST_DEGREE,0.0,79,False,False,False
GROUNDNUT,with_network,POTATOES AREA (1000 ha),0.0,80,False,False,False
GROUNDNUT,with_network,SUNFLOWER YIELD (Kg per ha),0.0,81,False,False,False
GROUNDNUT,with_network,SOYABEAN PRODUCTION (1000 tons),0.0,82,False,False,False
GROUNDNUT,with_network,SUNFLOWER PRODUCTION (1000 tons),0.0,83,False,False,False
GROUNDNUT,with_network,CASTOR YIELD (Kg per ha),0.0,84,False,False,False
GROUNDNUT,with_network,SAFFLOWER AREA (1000 ha),0.0,85,False,False,False
GROUNDNUT,with_network,SAFFLOWER YIELD (Kg per ha),0.0,86,False,False,False
GROUNDNUT,with_network,SESAMUM PRODUCTION (1000 tons),0.0,87,False,False,False
GROUNDNUT,with_network,SOYABEAN YIELD (Kg per ha),0.0,88,False,False,False
GROUNDNUT,with_network,BARLEY YIELD (Kg per ha),0.0,89,False,False,False
GROUNDNUT,with_network,RABI SORGHUM AREA (1000 ha),0.0,90,False,False,False
GROUNDNUT,with_network,SORGHUM PRODUCTION (1000 tons),0.0,91,False,False,False
GROUNDNUT,with_network,RABI SORGHUM YIELD (Kg per ha),0.0,92,False,False,False
COTTON,no_network,COTTON_lag1,0.4987611856250876,1,False,True,False
COTTON,no_network,COTTON_yoy_change,0.40743019070166325,2,False,True,False
COTTON,no_network,COTTON_roll3,0.056081438060994464,3,False,True,False
COTTON,no_network,COTTON AREA (1000 ha),0.005597465362510362,4,False,False,False
COTTON,no_network,SUGARCANE AREA (1000 ha),0.0037052610666332333,5,False,False,False
COTTON,no_network,COTTON PRODUCTION (1000 tons),0.0021613910952089127,6,False,False,False
COTTON,no_network,MAIZE AREA (1000 ha),0.0020914187275069955,7,False,False,False
COTTON,no_network,SUNFLOWER AREA (1000 ha),0.0017567656712263343,8,False,False,False
COTTON,no_network,LINSEED AREA (1000 ha),0.0017368507314725475,9,False,False,False
COTTON,no_network,COTTON_lag2,0.0017256801319048103,10,False,True,False
COTTON,no_network,DIST_STRENGTH,0.0016328824050999655,11,False,False,False
COTTON,no_network,DIST_BETWEENNESS,0.0015176256856564126,12,False,False,False
COTTON,no_network,FODDER AREA (1000 ha),0.0010384155154833262,13,False,False,False
COTTON,no_network,RICE PRODUCTION (1000 tons),0.0009109502797310497,14,False,False,False
COTTON,no_network,COTTON_roll3_std,0.0008993859313353999,15,False,True,False
COTTON,no_network,PIGEONPEA AREA (1000 ha),0.000753499497350637,16,False,False,False
COTTON,no_network,KHARIF SORGHUM AREA (1000 ha),0.0007429747252088494,17,False,False,False
COTTON,no_network,MINOR PULSES AREA (1000 ha),0.0007321333786718161,18,False,False,False
COTTON,no_network,WHEAT YIELD (Kg per ha),0.0007085122185328252,19,False,False,False
COTTON,no_network,DIST_DEGREE,0.0006531548936939712,20,False,False,False
COTTON,no_network,SORGHUM AREA (1000 ha),0.0006304287821963746,21,False,False,False
COTTON,no_network,FRUITS AREA (1000 ha),0.0005970723947475611,22,False,False,False
COTTON,no_network,RICE YIELD (Kg per ha),0.0005419326867997421,23,False,False,False
COTTON,no_network,GROUNDNUT YIELD (Kg per ha),0.0004788430202406083,24,False,False,False
COTTON,no_network,PIGEONPEA YIELD (Kg per ha),0.00046344124757462767,25,False,False,False
COTTON,no_network,SUGARCANE YIELD (Kg per ha),0.00042942526091672376,26,False,False,False
COTTON,no_network,SORGHUM PRODUCTION (1000 tons),0.0004243576021517149,27,False,False,False
COTTON,no_network,SUGARCANE PRODUCTION (1000 tons),0.0003832869933814826,28,False,False,False
COTTON,no_network,FINGER MILLET YIELD (Kg per ha),0.00036089351302273463,29,False,False,False
COTTON,no_network,KHARIF SORGHUM YIELD (Kg per ha),0.00032774463558847734,30,False,False,False
COTTON,no_network,POTATOES AREA (1000 ha),0.0003104420482025021,31,False,False,False
COTTON,no_network,SESAMUM AREA (1000 ha),0.00030217709890061805,32,False,False,False
COTTON,no_network,MINOR PULSES YIELD (Kg per ha),0.00024748317534878806,33,False,False,False
COTTON,no_network,SAFFLOWER YIELD (Kg per ha),0.00023818167504259744,34,False,False,False
COTTON,no_network,OILSEEDS AREA (1000 ha),0.00021156320380117817,35,False,False,False
COTTON,no_network,SESAMUM YIELD (Kg per ha),0.0002034547695318681,36,False,False,False
COTTON,no_network,CHICKPEA AREA (1000 ha),0.0001928414771020172,37,False,False,False
COTTON,no_network,GROUNDNUT AREA (1000 ha),0.00018970614414163178,38,False,False,False
COTTON,no_network,GROUNDNUT PRODUCTION (1000 tons),0.00017401977164243796,39,False,False,False
COTTON,no_network,FINGER MILLET PRODUCTION (1000 tons),0.0001710402240412345,40,False,False,False
COTTON,no_network,FRUITS AND VEGETABLES AREA (1000 ha),0.00017083031265926986,41,False,False,False
COTTON,no_network,MAIZE YIELD (Kg per ha),0.0001470418483879009,42,False,False,False
COTTON,no_network,RICE AREA (1000 ha),0.00013958727546020637,43,False,False,False
COTTON,no_network,SUNFLOWER PRODUCTION (1000 tons),0.00012958379243836865,44,False,False,False
COTTON,no_network,SAFFLOWER AREA (1000 ha),0.00012825303747190377,45,False,False,False
COTTON,no_network,RAPESEED AND MUSTARD AREA (1000 ha),0.00012031813352578141,46,False,False,False
COTTON,no_network,BARLEY PRODUCTION (1000 tons),0.0001199057184714142,47,False,False,False
COTTON,no_network,WHEAT AREA (1000 ha),0.00011861893304761715,48,False,False,False
COTTON,no_network,State Code,0.00011639005858168081,49,False,False,False
COTTON,no_network,LINSEED PRODUCTION (1000 tons),0.00010806784569983588,50,False,False,False
COTTON,no_network,diversity_simpson,0.00010661320649963257,51,False,False,True
COTTON,no_network,RAPESEED AND MUSTARD PRODUCTION (1000 tons),9.129812823517223e-05,52,False,False,False
COTTON,no_network,KHARIF SORGHUM PRODUCTION (1000 tons),8.392980211866252e-05,53,False,False,False
COTTON,no_network,SESAMUM PRODUCTION (1000 tons),8.32962694643412e-05,54,False,False,False
COTTON,no_network,PEARL MILLET YIELD (Kg per ha),7.558006773981169e-05,55,False,False,False
COTTON,no_network,HERFINDAHL,7.449345540563915e-05,56,False,False,False
COTTON,no_network,OILSEEDS PRODUCTION (1000 tons),7.233782473239159e-05,57,False,False,False
COTTON,no_network,MAIZE PRODUCTION (1000 tons),6.65842043305693e-05,58,False,False,False
COTTON,no_network,WHEAT PRODUCTION (1000 tons),6.204771232010374e-05,59,False,False,False
COTTON,no_network,RABI SORGHUM AREA (1000 ha),5.741492470118384e-05,60,False,False,False
COTTON,no_network,MINOR PULSES PRODUCTION (1000 tons),5.216136320366453e-05,61,False,False,False
COTTON,no_network,RAPESEED AND MUSTARD YIELD (Kg per ha),5.131088903027411e-05,62,False,False,False
COTTON,no_network,PEARL MILLET AREA (1000 ha),5.04672226808089e-05,63,False,False,False
COTTON,no_network,CASTOR AREA (1000 ha),4.8731703782083004e-05,64,False,False,False
COTTON,no_network,PEARL MILLET PRODUCTION (1000 tons),4.327768761836759e-05,65,False,False,False
COTTON,no_network,RABI SORGHUM PRODUCTION (1000 tons),3.007701783746675e-05,66,False,False,False
COTTON,no_network,SAFFLOWER PRODUCTION (1000 tons),2.8270853889769776e-05,67,False,False,False
COTTON,no_network,RABI SORGHUM YIELD (Kg per ha),2.7666452237968782e-05,68,False,False,False
COTTON,no_network,PIGEONPEA PRODUCTION (1000 tons),2.6897724892373307e-05,69,False,False,False
COTTON,no_network,FINGER MILLET AREA (1000 ha),1.3964629299695157e-05,70,False,False,False
COTTON,no_network,CHICKPEA YIELD (Kg per ha),1.342653109934618e-05,71,False,False,False
COTTON,no_network,OILSEEDS YIELD (Kg per ha),1.3156194239729101e-05,72,False,False,False
COTTON,no_network,COTTON_lag3,8.840695059866908e-06,73,False,True,False
COTTON,no_network,VEGETABLES AREA (1000 ha),2.7061282236965095e-06,74,False,False,False
COTTON,no_network,LINSEED YIELD (Kg per ha),1.304391026542598e-06,75,False,False,False
COTTON,no_network,BARLEY YIELD (Kg per ha),3.053523917730133e-08,76,False,False,False
COTTON,no_network,num_active_crops,0.0,77,False,False,True
COTTON,no_network,ONION AREA (1000 ha),0.0,78,False,False,False
COTTON,no_network,CASTOR YIELD (Kg per ha),0.0,79,False,False,False
COTTON,no_network,SUNFLOWER YIELD (Kg per ha),0.0,80,False,False,False
COTTON,no_network,SOYABEAN AREA (1000 ha),0.0,81,False,False,False
COTTON,no_network,SOYABEAN PRODUCTION (1000 tons),0.0,82,False,False,False
COTTON,no_network,SOYABEAN YIELD (Kg per ha),0.0,83,False,False,False
COTTON,no_network,CASTOR PRODUCTION (1000 tons),0.0,84,False,False,False
COTTON,no_network,BARLEY AREA (1000 ha),0.0,85,False,False,False
COTTON,no_network,CHICKPEA PRODUCTION (1000 tons),0.0,86,False,False,False
COTTON,no_network,SORGHUM YIELD (Kg per ha),0.0,87,False,False,False
COTTON,with_network,COTTON_lag1,0.5000816323765238,1,False,True,False
COTTON,with_network,COTTON_yoy_change,0.4078674140041178,2,False,True,False
COTTON,with_network,COTTON_roll3,0.055773314402238434,3,False,True,False
COTTON,with_network,COTTON AREA (1000 ha),0.0048692510269337476,4,False,False,False
COTTON,with_network,SUGARCANE AREA (1000 ha),0.0033345158913520956,5,False,False,False
COTTON,with_network,SUNFLOWER AREA (1000 ha),0.0019047445505078779,6,False,False,False
COTTON,with_network,LINSEED AREA (1000 ha),0.0017819452186169716,7,False,False,False
COTTON,with_network,COTTON_lag2,0.0017161128578307894,8,False,True,False
COTTON,with_network,MAIZE AREA (1000 ha),0.0013650009561363078,9,False,False,False
COTTON,with_network,DIST_DEGREE,0.0012664479130523563,10,False,False,False
COTTON,with_network,DIST_BETWEENNESS,0.0011957876671634686,11,False,False,False
COTTON,with_network,net_closeness,0.001187698749132843,12,True,False,False
COTTON,with_network,COTTON_roll3_std,0.0010973534275566666,13,False,True,False
COTTON,with_network,DIST_STRENGTH,0.001061530183555713,14,False,False,False
COTTON,with_network,COTTON PRODUCTION (1000 tons),0.0009026350295406371,15,False,False,False
COTTON,with_network,RICE PRODUCTION (1000 tons),0.000885929465061413,16,False,False,False
COTTON,with_network,SORGHUM AREA (1000 ha),0.0008318743151533257,17,False,False,False
COTTON,with_network,net_betweenness,0.0008286259117410485,18,True,False,False
COTTON,with_network,GROUNDNUT YIELD (Kg per ha),0.0007635305719019939,19,False,False,False
COTTON,with_network,KHARIF SORGHUM YIELD (Kg per ha),0.0007460959242183594,20,False,False,False
COTTON,with_network,WHEAT YIELD (Kg per ha),0.0006985204130907193,21,False,False,False
COTTON,with_network,FINGER MILLET YIELD (Kg per ha),0.0006828330164442716,22,False,False,False
COTTON,with_network,RICE YIELD (Kg per ha),0.0006432309883220295,23,False,False,False
COTTON,with_network,PIGEONPEA AREA (1000 ha),0.0005956271096100038,24,False,False,False
COTTON,with_network,SAFFLOWER AREA (1000 ha),0.0005322473686987021,25,False,False,False
COTTON,with_network,SUGARCANE YIELD (Kg per ha),0.0005002919762548786,26,False,False,False
COTTON,with_network,net_clustering,0.0004926655884367812,27,True,False,False
COTTON,with_network,MINOR PULSES AREA (1000 ha),0.00044485441167354313,28,False,False,False
COTTON,with_network,KHARIF SORGHUM AREA (1000 ha),0.0004285181462194759,29,False,False,False
COTTON,with_network,FRUITS AREA (1000 ha),0.0004117568346494443,30,False,False,False
COTTON,with_network,net_eigenvector,0.0003819531114340946,31,True,False,False
COTTON,with_network,SUGARCANE PRODUCTION (1000 tons),0.0003461654195359845,32,False,False,False
COTTON,with_network,BARLEY PRODUCTION (1000 tons),0.0002739711818718366,33,False,False,False
COTTON,with_network,SESAMUM AREA (1000 ha),0.00026812254983865326,34,False,False,False
COTTON,with_network,HERFINDAHL,0.00026644357649215045,35,False,False,False
COTTON,with_network,SAFFLOWER YIELD (Kg per ha),0.00023458948785126698,36,False,False,False
COTTON,with_network,POTATOES AREA (1000 ha),0.00020829763875699963,37,False,False,False
COTTON,with_network,FRUITS AND VEGETABLES AREA (1000 ha),0.00020797520658689885,38,False,False,False
COTTON,with_network,FINGER MILLET PRODUCTION (1000 tons),0.0002011801415628113,39,False,False,False
COTTON,with_network,MINOR PULSES YIELD (Kg per ha),0.00018785770313895335,40,False,False,False
COTTON,with_network,RICE AREA (1000 ha),0.00018385642495311047,41,False,False,False
COTTON,with_network,CHICKPEA AREA (1000 ha),0.00018373554926974308,42,False,False,False
COTTON,with_network,WHEAT PRODUCTION (1000 tons),0.00016694796119559902,43,False,False,False
COTTON,with_network,FODDER AREA (1000 ha),0.00014997613161464408,44,False,False,False
COTTON,with_network,PIGEONPEA YIELD (Kg per ha),0.0001305573712540378,45,False,False,False
COTTON,with_network,CHICKPEA PRODUCTION (1000 tons),0.0001289711040708851,46,False,False,False
COTTON,with_network,State Code,0.00012081525392199963,47,False,False,False
COTTON,with_network,MAIZE YIELD (Kg per ha),9.603099791969993e-05,48,False,False,False
COTTON,with_network,OILSEEDS AREA (1000 ha),9.379998343420239e-05,49,False,False,False
COTTON,with_network,RAPESEED AND MUSTARD YIELD (Kg per ha),9.27365950529266e-05,50,False,False,False
COTTON,with_network,diversity_simpson,8.272777896814778e-05,51,False,False,True
COTTON,with_network,SORGHUM PRODUCTION (1000 tons),8.097514637002683e-05,52,False,False,False
COTTON,with_network,RAPESEED AND MUSTARD PRODUCTION (1000 tons),7.76059348871496e-05,53,False,False,False
COTTON,with_network,RAPESEED AND MUSTARD AREA (1000 ha),6.805707188346586e-05,54,False,False,False
COTTON,with_network,OILSEEDS YIELD (Kg per ha),6.160073499694806e-05,55,False,False,False
COTTON,with_network,SESAMUM YIELD (Kg per ha),5.743741923181634e-05,56,False,False,False
COTTON,with_network,GROUNDNUT PRODUCTION (1000 tons),5.6495509025357415e-05,57,False,False,False
COTTON,with_network,MAIZE PRODUCTION (1000 tons),5.4693446932283527e-05,58,False,False,False
COTTON,with_network,OILSEEDS PRODUCTION (1000 tons),5.303709444880959e-05,59,False,False,False
COTTON,with_network,BARLEY YIELD (Kg per ha),4.9570874138028104e-05,60,False,False,False
COTTON,with_network,SUNFLOWER YIELD (Kg per ha),4.9438513830994616e-05,61,False,False,False
COTTON,with_network,SESAMUM PRODUCTION (1000 tons),4.9073794345184494e-05,62,False,False,False
COTTON,with_network,PIGEONPEA PRODUCTION (1000 tons),4.761259529534651e-05,63,False,False,False
COTTON,with_network,CASTOR AREA (1000 ha),4.5643340104198734e-05,64,False,False,False
COTTON,with_network,WHEAT AREA (1000 ha),4.4400679717947795e-05,65,False,False,False
COTTON,with_network,RABI SORGHUM PRODUCTION (1000 tons),3.7820098289340595e-05,66,False,False,False
COTTON,with_network,PEARL MILLET AREA (1000 ha),3.550329557094605e-05,67,False,False,False
COTTON,with_network,GROUNDNUT AREA (1000 ha),3.409968524739902e-05,68,False,False,False
COTTON,with_network,MINOR PULSES PRODUCTION (1000 tons),3.2662454652948875e-05,69,False,False,False
COTTON,with_network,SUNFLOWER PRODUCTION (1000 tons),2.8601913773858144e-05,70,False,False,False
COTTON,with_network,PEARL MILLET YIELD (Kg per ha),2.5704517488286658e-05,71,False,False,False
COTTON,with_network,net_degree,2.0969615537693948e-05,72,True,False,False
COTTON,with_network,SAFFLOWER PRODUCTION (1000 tons),1.8715240575062756e-05,73,False,False,False
COTTON,with_network,BARLEY AREA (1000 ha),1.639451620720688e-05,74,False,False,False
COTTON,with_network,CHICKPEA YIELD (Kg per ha),1.149673086284643e-05,75,False,False,False
COTTON,with_network,VEGETABLES AREA (1000 ha),1.1338448930986956e-05,76,False,False,False
COTTON,with_network,COTTON_lag3,9.898735397325962e-06,77,False,True,False
COTTON,with_network,KHARIF SORGHUM PRODUCTION (1000 tons),8.520756748862707e-06,78,False,False,False
COTTON,with_network,PEARL MILLET PRODUCTION (1000 tons),7.771542824169426e-06,79,False,False,False
COTTON,with_network,ONION AREA (1000 ha),4.9457183667970765e-06,80,False,False,False
COTTON,with_network,RABI SORGHUM YIELD (Kg per ha),8.587987331056527e-07,81,False,False,False
COTTON,with_network,FINGER MILLET AREA (1000 ha),3.5831112552798135e-07,82,False,False,False
COTTON,with_network,num_active_crops,0.0,83,False,False,True
COTTON,with_network,CASTOR YIELD (Kg per ha),0.0,84,False,False,False
COTTON,with_network,LINSEED PRODUCTION (1000 tons),0.0,85,False,False,False
COTTON,with_network,SOYABEAN PRODUCTION (1000 tons),0.0,86,False,False,False
COTTON,with_network,SOYABEAN YIELD (Kg per ha),0.0,87,False,False,False
COTTON,with_network,SOYABEAN AREA (1000 ha),0.0,88,False,False,False
COTTON,with_network,CASTOR PRODUCTION (1000 tons),0.0,89,False,False,False
COTTON,with_network,LINSEED YIELD (Kg per ha),0.0,90,False,False,False
COTTON,with_network,RABI SORGHUM AREA (1000 ha),0.0,91,False,False,False
COTTON,with_network,SORGHUM YIELD (Kg per ha),0.0,92,False,False,False
SUGARCANE,no_network,SUGARCANE_lag1,0.5848728304509953,1,False,True,False
SUGARCANE,no_network,SUGARCANE_yoy_change,0.18123078188499656,2,False,True,False
SUGARCANE,no_network,SUGARCANE_roll3,0.16613099060855022,3,False,True,False
SUGARCANE,no_network,RABI SORGHUM AREA (1000 ha),0.01376827922623107,4,False,False,False
SUGARCANE,no_network,SUGARCANE PRODUCTION (1000 tons),0.012178644773389475,5,False,False,False
SUGARCANE,no_network,RABI SORGHUM YIELD (Kg per ha),0.008896516877741789,6,False,False,False
SUGARCANE,no_network,State Code,0.007898022869079003,7,False,False,False
SUGARCANE,no_network,WHEAT PRODUCTION (1000 tons),0.004391126203402929,8,False,False,False
SUGARCANE,no_network,FINGER MILLET PRODUCTION (1000 tons),0.003370686298541264,9,False,False,False
SUGARCANE,no_network,BARLEY AREA (1000 ha),0.0020603697141126595,10,False,False,False
SUGARCANE,no_network,FINGER MILLET AREA (1000 ha),0.0020241193034846758,11,False,False,False
SUGARCANE,no_network,RABI SORGHUM PRODUCTION (1000 tons),0.0018847873555533443,12,False,False,False
SUGARCANE,no_network,WHEAT AREA (1000 ha),0.0014950907678035596,13,False,False,False
SUGARCANE,no_network,BARLEY YIELD (Kg per ha),0.001263116004873253,14,False,False,False
SUGARCANE,no_network,BARLEY PRODUCTION (1000 tons),0.001240728916019071,15,False,False,False
SUGARCANE,no_network,SUGARCANE_lag2,0.00091580476436697,16,False,True,False
SUGARCANE,no_network,SUGARCANE AREA (1000 ha),0.0007356127280168254,17,False,False,False
SUGARCANE,no_network,FRUITS AREA (1000 ha),0.0006348929707978597,18,False,False,False
SUGARCANE,no_network,WHEAT YIELD (Kg per ha),0.0005910018477155105,19,False,False,False
SUGARCANE,no_network,OILSEEDS YIELD (Kg per ha),0.0005646268871191056,20,False,False,False
SUGARCANE,no_network,SUGARCANE_lag3,0.0005350265692106716,21,False,True,False
SUGARCANE,no_network,SUGARCANE_roll3_std,0.00028346443101953867,22,False,True,False
SUGARCANE,no_network,HERFINDAHL,0.00026866965089142417,23,False,False,False
SUGARCANE,no_network,RICE AREA (1000 ha),0.00026127937662477244,24,False,False,False
SUGARCANE,no_network,OILSEEDS AREA (1000 ha),0.0002562570590139162,25,False,False,False
SUGARCANE,no_network,SAFFLOWER AREA (1000 ha),0.00021448998086953967,26,False,False,False
SUGARCANE,no_network,num_active_crops,0.00020365994688988475,27,False,False,True
SUGARCANE,no_network,SESAMUM AREA (1000 ha),0.0001878830323242708,28,False,False,False
SUGARCANE,no_network,SAFFLOWER YIELD (Kg per ha),0.00017086135844264928,29,False,False,False
SUGARCANE,no_network,PIGEONPEA YIELD (Kg per ha),0.00013940779607867862,30,False,False,False
SUGARCANE,no_network,MAIZE YIELD (Kg per ha),0.0001288200330462747,31,False,False,False
SUGARCANE,no_network,MINOR PULSES AREA (1000 ha),0.00012838638061552713,32,False,False,False
SUGARCANE,no_network,RICE YIELD (Kg per ha),0.00012511771148517094,33,False,False,False
SUGARCANE,no_network,MAIZE AREA (1000 ha),0.00012218112845822565,34,False,False,False
SUGARCANE,no_network,MAIZE PRODUCTION (1000 tons),0.00010684871651528873,35,False,False,False
SUGARCANE,no_network,FRUITS AND VEGETABLES AREA (1000 ha),8.212033341318749e-05,36,False,False,False
SUGARCANE,no_network,FODDER AREA (1000 ha),6.772892207828974e-05,37,False,False,False
SUGARCANE,no_network,SORGHUM AREA (1000 ha),5.433951224369829e-05,38,False,False,False
SUGARCANE,no_network,LINSEED AREA (1000 ha),4.4884766220189136e-05,39,False,False,False
SUGARCANE,no_network,KHARIF SORGHUM YIELD (Kg per ha),4.432989904632181e-05,40,False,False,False
SUGARCANE,no_network,PIGEONPEA PRODUCTION (1000 tons),4.038437710746894e-05,41,False,False,False
SUGARCANE,no_network,DIST_STRENGTH,4.016818197302218e-05,42,False,False,False
SUGARCANE,no_network,KHARIF SORGHUM AREA (1000 ha),3.560025619492336e-05,43,False,False,False
SUGARCANE,no_network,diversity_simpson,2.8671408542632565e-05,44,False,False,True
SUGARCANE,no_network,SAFFLOWER PRODUCTION (1000 tons),2.7501836135743816e-05,45,False,False,False
SUGARCANE,no_network,GROUNDNUT AREA (1000 ha),2.7443500070199552e-05,46,False,False,False
SUGARCANE,no_network,GROUNDNUT PRODUCTION (1000 tons),2.7433669961034573e-05,47,False,False,False
SUGARCANE,no_network,RICE PRODUCTION (1000 tons),2.6370135580022025e-05,48,False,False,False
SUGARCANE,no_network,PIGEONPEA AREA (1000 ha),2.3436692502180634e-05,49,False,False,False
SUGARCANE,no_network,COTTON AREA (1000 ha),2.2775146917049813e-05,50,False,False,False
SUGARCANE,no_network,SORGHUM YIELD (Kg per ha),2.247237887169225e-05,51,False,False,False
SUGARCANE,no_network,SESAMUM PRODUCTION (1000 tons),1.510315428827877e-05,52,False,False,False
SUGARCANE,no_network,CHICKPEA AREA (1000 ha),1.0723813491097427e-05,53,False,False,False
SUGARCANE,no_network,FINGER MILLET YIELD (Kg per ha),1.039712728123022e-05,54,False,False,False
SUGARCANE,no_network,GROUNDNUT YIELD (Kg per ha),9.382922628222487e-06,55,False,False,False
SUGARCANE,no_network,CHICKPEA PRODUCTION (1000 tons),8.59619370553735e-06,56,False,False,False
SUGARCANE,no_network,VEGETABLES AREA (1000 ha),8.377190526177437e-06,57,False,False,False
SUGARCANE,no_network,SUNFLOWER YIELD (Kg per ha),5.9453204915680495e-06,58,False,False,False
SUGARCANE,no_network,PEARL MILLET AREA (1000 ha),5.775456707940991e-06,59,False,False,False
SUGARCANE,no_network,LINSEED PRODUCTION (1000 tons),5.746248168050057e-06,60,False,False,False
SUGARCANE,no_network,CASTOR PRODUCTION (1000 tons),4.189885889114466e-06,61,False,False,False
SUGARCANE,no_network,MINOR PULSES PRODUCTION (1000 tons),4.1300988812435e-06,62,False,False,False
SUGARCANE,no_network,POTATOES AREA (1000 ha),3.994873866365778e-06,63,False,False,False
SUGARCANE,no_network,SUNFLOWER PRODUCTION (1000 tons),2.487164822940314e-06,64,False,False,False
SUGARCANE,no_network,PEARL MILLET YIELD (Kg per ha),2.477899495479355e-06,65,False,False,False
SUGARCANE,no_network,CASTOR AREA (1000 ha),2.2527148249418647e-06,66,False,False,False
SUGARCANE,no_network,COTTON PRODUCTION (1000 tons),1.8047731373504308e-06,67,False,False,False
SUGARCANE,no_network,SUNFLOWER AREA (1000 ha),1.204234553406983e-06,68,False,False,False
SUGARCANE,no_network,SORGHUM PRODUCTION (1000 tons),8.715086474879033e-07,69,False,False,False
SUGARCANE,no_network,MINOR PULSES YIELD (Kg per ha),4.947774596885e-07,70,False,False,False
SUGARCANE,no_network,ONION AREA (1000 ha),0.0,71,False,False,False
SUGARCANE,no_network,COTTON YIELD (Kg per ha),0.0,72,False,False,False
SUGARCANE,no_network,DIST_BETWEENNESS,0.0,73,False,False,False
SUGARCANE,no_network,DIST_DEGREE,0.0,74,False,False,False
SUGARCANE,no_network,RAPESEED AND MUSTARD YIELD (Kg per ha),0.0,75,False,False,False
SUGARCANE,no_network,RAPESEED AND MUSTARD PRODUCTION (1000 tons),0.0,76,False,False,False
SUGARCANE,no_network,SOYABEAN AREA (1000 ha),0.0,77,False,False,False
SUGARCANE,no_network,LINSEED YIELD (Kg per ha),0.0,78,False,False,False
SUGARCANE,no_network,CASTOR YIELD (Kg per ha),0.0,79,False,False,False
SUGARCANE,no_network,OILSEEDS PRODUCTION (1000 tons),0.0,80,False,False,False
SUGARCANE,no_network,SOYABEAN YIELD (Kg per ha),0.0,81,False,False,False
SUGARCANE,no_network,SESAMUM YIELD (Kg per ha),0.0,82,False,False,False
SUGARCANE,no_network,RAPESEED AND MUSTARD AREA (1000 ha),0.0,83,False,False,False
SUGARCANE,no_network,SOYABEAN PRODUCTION (1000 tons),0.0,84,False,False,False
SUGARCANE,no_network,CHICKPEA YIELD (Kg per ha),0.0,85,False,False,False
SUGARCANE,no_network,PEARL MILLET PRODUCTION (1000 tons),0.0,86,False,False,False
SUGARCANE,no_network,KHARIF SORGHUM PRODUCTION (1000 tons),0.0,87,False,False,False
SUGARCANE,with_network,SUGARCANE_lag1,0.5860194375875424,1,False,True,False
SUGARCANE,with_network,SUGARCANE_yoy_change,0.18006662461659287,2,False,True,False
SUGARCANE,with_network,SUGARCANE_roll3,0.16592286093524958,3,False,True,False
SUGARCANE,with_network,RABI SORGHUM AREA (1000 ha),0.014157453268650685,4,False,False,False
SUGARCANE,with_network,SUGARCANE PRODUCTION (1000 tons),0.011734205593346219,5,False,False,False
SUGARCANE,with_network,net_eigenvector,0.008443173901996228,6,True,False,False
SUGARCANE,with_network,State Code,0.008214961201712112,7,False,False,False
SUGARCANE,with_network,FINGER MILLET PRODUCTION (1000 tons),0.0035974410563927874,8,False,False,False
SUGARCANE,with_network,RABI SORGHUM YIELD (Kg per ha),0.0027058357448748985,9,False,False,False
SUGARCANE,with_network,WHEAT PRODUCTION (1000 tons),0.002413377243317922,10,False,False,False
SUGARCANE,with_network,BARLEY AREA (1000 ha),0.0023145158021197305,11,False,False,False
SUGARCANE,with_network,RABI SORGHUM PRODUCTION (1000 tons),0.0022502206716408643,12,False,False,False
SUGARCANE,with_network,FINGER MILLET AREA (1000 ha),0.0019213057482838265,13,False,False,False
SUGARCANE,with_network,BARLEY YIELD (Kg per ha),0.00105980711694732,14,False,False,False
SUGARCANE,with_network,SUGARCANE_lag2,0.000975402985192653,15,False,True,False
SUGARCANE,with_network,WHEAT AREA (1000 ha),0.0009192527543377135,16,False,False,False
SUGARCANE,with_network,OILSEEDS YIELD (Kg per ha),0.0006139503285734759,17,False,False,False
SUGARCANE,with_network,WHEAT YIELD (Kg per ha),0.0005475149552288127,18,False,False,False
SUGARCANE,with_network,FRUITS AREA (1000 ha),0.0005474191255139374,19,False,False,False
SUGARCANE,with_network,BARLEY PRODUCTION (1000 tons),0.00045284195732033915,20,False,False,False
SUGARCANE,with_network,SUGARCANE_lag3,0.00044776806568328875,21,False,True,False
SUGARCANE,with_network,SUGARCANE AREA (1000 ha),0.0004354566275888003,22,False,False,False
SUGARCANE,with_network,OILSEEDS PRODUCTION (1000 tons),0.00036979286705433764,23,False,False,False
SUGARCANE,with_network,SUGARCANE_roll3_std,0.0003075141526806628,24,False,True,False
SUGARCANE,with_network,HERFINDAHL,0.00029404056701695327,25,False,False,False
SUGARCANE,with_network,PIGEONPEA YIELD (Kg per ha),0.00029297700495876624,26,False,False,False
SUGARCANE,with_network,LINSEED AREA (1000 ha),0.00025825293005522293,27,False,False,False
SUGARCANE,with_network,OILSEEDS AREA (1000 ha),0.00024032915185937076,28,False,False,False
SUGARCANE,with_network,num_active_crops,0.00022591264934432236,29,False,False,True
SUGARCANE,with_network,FRUITS AND VEGETABLES AREA (1000 ha),0.0001989425272556617,30,False,False,False
SUGARCANE,with_network,SESAMUM AREA (1000 ha),0.00017240581555796712,31,False,False,False
SUGARCANE,with_network,RICE AREA (1000 ha),0.00015903064966085357,32,False,False,False
SUGARCANE,with_network,MAIZE AREA (1000 ha),0.00014099357631602792,33,False,False,False
SUGARCANE,with_network,net_closeness,0.00013007527206357195,34,True,False,False
SUGARCANE,with_network,RICE YIELD (Kg per ha),0.00012410032776428664,35,False,False,False
SUGARCANE,with_network,MINOR PULSES AREA (1000 ha),0.00012029332563943242,36,False,False,False
SUGARCANE,with_network,PIGEONPEA AREA (1000 ha),0.00010104583035478917,37,False,False,False
SUGARCANE,with_network,MAIZE PRODUCTION (1000 tons),8.973419760829545e-05,38,False,False,False
SUGARCANE,with_network,SAFFLOWER YIELD (Kg per ha),7.216678635334796e-05,39,False,False,False
SUGARCANE,with_network,COTTON AREA (1000 ha),6.565176859055973e-05,40,False,False,False
SUGARCANE,with_network,RICE PRODUCTION (1000 tons),6.51536503411384e-05,41,False,False,False
SUGARCANE,with_network,FODDER AREA (1000 ha),5.94415603134104e-05,42,False,False,False
SUGARCANE,with_network,diversity_simpson,5.9407923480053646e-05,43,False,False,True
SUGARCANE,with_network,PEARL MILLET AREA (1000 ha),5.731241571737566e-05,44,False,False,False
SUGARCANE,with_network,MAIZE YIELD (Kg per ha),5.4019931478140394e-05,45,False,False,False
SUGARCANE,with_network,SORGHUM AREA (1000 ha),5.329455969640641e-05,46,False,False,False
SUGARCANE,with_network,net_clustering,4.740069355599998e-05,47,True,False,False
SUGARCANE,with_network,SORGHUM PRODUCTION (1000 tons),4.449325046134318e-05,48,False,False,False
SUGARCANE,with_network,SESAMUM PRODUCTION (1000 tons),4.434223533841612e-05,49,False,False,False
SUGARCANE,with_network,SESAMUM YIELD (Kg per ha),4.400222777917104e-05,50,False,False,False
SUGARCANE,with_network,SAFFLOWER PRODUCTION (1000 tons),4.111318370516763e-05,51,False,False,False
SUGARCANE,with_network,KHARIF SORGHUM AREA (1000 ha),4.00150419094825e-05,52,False,False,False
SUGARCANE,with_network,KHARIF SORGHUM YIELD (Kg per ha),3.338361699014168e-05,53,False,False,False
SUGARCANE,with_network,GROUNDNUT AREA (1000 ha),2.625819277935073e-05,54,False,False,False
SUGARCANE,with_network,PIGEONPEA PRODUCTION (1000 tons),2.506270335097762e-05,55,False,False,False
SUGARCANE,with_network,CHICKPEA PRODUCTION (1000 tons),2.3198282029572575e-05,56,False,False,False
SUGARCANE,with_network,net_degree,2.3085585693882564e-05,57,True,False,False
SUGARCANE,with_network,ONION AREA (1000 ha),2.1822842427684894e-05,58,False,False,False
SUGARCANE,with_network,SAFFLOWER AREA (1000 ha),2.1351651278858517e-05,59,False,False,False
SUGARCANE,with_network,CHICKPEA AREA (1000 ha),1.6697658702606687e-05,60,False,False,False
SUGARCANE,with_network,COTTON PRODUCTION (1000 tons),1.6651578129768163e-05,61,False,False,False
SUGARCANE,with_network,GROUNDNUT PRODUCTION (1000 tons),1.6314261798264338e-05,62,False,False,False
SUGARCANE,with_network,GROUNDNUT YIELD (Kg per ha),1.024364744003224e-05,63,False,False,False
SUGARCANE,with_network,SUNFLOWER YIELD (Kg per ha),5.946761116567554e-06,64,False,False,False
SUGARCANE,with_network,CASTOR AREA (1000 ha),5.222984740447278e-06,65,False,False,False
SUGARCANE,with_network,POTATOES AREA (1000 ha),4.947411800560411e-06,66,False,False,False
SUGARCANE,with_network,VEGETABLES AREA (1000 ha),3.48369803872981e-06,67,False,False,False
SUGARCANE,with_network,MINOR PULSES PRODUCTION (1000 tons),3.47322500515903e-06,68,False,False,False
SUGARCANE,with_network,FINGER MILLET YIELD (Kg per ha),3.1043945615997027e-06,69,False,False,False
SUGARCANE,with_network,PEARL MILLET PRODUCTION (1000 tons),2.1927990630196517e-06,70,False,False,False
SUGARCANE,with_network,MINOR PULSES YIELD (Kg per ha),1.3222295938161617e-06,71,False,False,False
SUGARCANE,with_network,DIST_STRENGTH,7.740838918895621e-07,72,False,False,False
SUGARCANE,with_network,LINSEED PRODUCTION (1000 tons),5.313943398326804e-07,73,False,False,False
SUGARCANE,with_network,DIST_DEGREE,5.128492146203855e-07,74,False,False,False
SUGARCANE,with_network,SORGHUM YIELD (Kg per ha),3.347859955388756e-07,75,False,False,False
SUGARCANE,with_network,net_betweenness,0.0,76,True,False,False
SUGARCANE,with_network,COTTON YIELD (Kg per ha),0.0,77,False,False,False
SUGARCANE,with_network,DIST_BETWEENNESS,0.0,78,False,False,False
SUGARCANE,with_network,RAPESEED AND MUSTARD AREA (1000 ha),0.0,79,False,False,False
SUGARCANE,with_network,RAPESEED AND MUSTARD YIELD (Kg per ha),0.0,80,False,False,False
SUGARCANE,with_network,RAPESEED AND MUSTARD PRODUCTION (1000 tons),0.0,81,False,False,False
SUGARCANE,with_network,LINSEED YIELD (Kg per ha),0.0,82,False,False,False
SUGARCANE,with_network,CASTOR PRODUCTION (1000 tons),0.0,83,False,False,False
SUGARCANE,with_network,CASTOR YIELD (Kg per ha),0.0,84,False,False,False
SUGARCANE,with_network,SUNFLOWER PRODUCTION (1000 tons),0.0,85,False,False,False
SUGARCANE,with_network,SOYABEAN AREA (1000 ha),0.0,86,False,False,False
SUGARCANE,with_network,SOYABEAN PRODUCTION (1000 tons),0.0,87,False,False,False
SUGARCANE,with_network,SOYABEAN YIELD (Kg per ha),0.0,88,False,False,False
SUGARCANE,with_network,SUNFLOWER AREA (1000 ha),0.0,89,False,False,False
SUGARCANE,with_network,CHICKPEA YIELD (Kg per ha),0.0,90,False,False,False
SUGARCANE,with_network,PEARL MILLET YIELD (Kg per ha),0.0,91,False,False,False
SUGARCANE,with_network,KHARIF SORGHUM PRODUCTION (1000 tons),0.0,92,False,False,False
